# Blender 4.2.2 LTS
# www.blender.org
mtllib hourglasstrans.mtl
o Glass
v -0.515625 0.234375 -0.234375
v -0.515625 0.328125 -0.234375
v -0.421875 0.234375 -0.328125
v -0.421875 0.234375 -0.234375
v -0.421875 0.328125 -0.328125
v -0.421875 0.328125 -0.234375
v -0.421875 0.234375 -0.140625
v -0.421875 0.234375 -0.046875
v -0.421875 0.328125 -0.140625
v -0.421875 0.328125 -0.046875
v -0.515625 0.421875 -0.234375
v -0.515625 0.515625 -0.234375
v -0.421875 0.421875 -0.328125
v -0.421875 0.421875 -0.234375
v -0.421875 0.515625 -0.328125
v -0.421875 0.515625 -0.234375
v -0.421875 0.421875 -0.140625
v -0.421875 0.421875 -0.046875
v -0.421875 0.515625 -0.140625
v -0.421875 0.515625 -0.046875
v -0.515625 0.609375 -0.234375
v -0.515625 0.703125 -0.234375
v -0.421875 0.609375 -0.328125
v -0.421875 0.609375 -0.234375
v -0.421875 0.703125 -0.328125
v -0.421875 0.703125 -0.234375
v -0.421875 0.609375 -0.140625
v -0.421875 0.609375 -0.046875
v -0.421875 0.703125 -0.140625
v -0.421875 0.703125 -0.046875
v -0.328125 0.234375 -0.421875
v -0.328125 0.328125 -0.421875
v -0.234375 0.234375 -0.515625
v -0.234375 0.234375 -0.421875
v -0.234375 0.328125 -0.515625
v -0.234375 0.328125 -0.421875
v -0.140625 0.234375 -0.515625
v -0.140625 0.234375 -0.421875
v -0.140625 0.328125 -0.515625
v -0.140625 0.328125 -0.421875
v -0.046875 0.234375 -0.515625
v -0.046875 0.234375 -0.421875
v -0.046875 0.328125 -0.515625
v -0.046875 0.328125 -0.421875
v -0.328125 0.234375 -0.328125
v -0.328125 0.234375 -0.234375
v -0.328125 0.328125 -0.328125
v -0.328125 0.328125 -0.234375
v -0.234375 0.234375 -0.328125
v -0.234375 0.328125 -0.328125
v -0.328125 0.421875 -0.421875
v -0.328125 0.515625 -0.421875
v -0.234375 0.421875 -0.515625
v -0.234375 0.421875 -0.421875
v -0.234375 0.515625 -0.515625
v -0.234375 0.515625 -0.421875
v -0.328125 0.609375 -0.421875
v -0.328125 0.703125 -0.421875
v -0.234375 0.609375 -0.515625
v -0.234375 0.609375 -0.421875
v -0.234375 0.703125 -0.515625
v -0.234375 0.703125 -0.421875
v -0.140625 0.421875 -0.515625
v -0.140625 0.421875 -0.421875
v -0.140625 0.515625 -0.515625
v -0.140625 0.515625 -0.421875
v -0.046875 0.421875 -0.515625
v -0.046875 0.421875 -0.421875
v -0.046875 0.515625 -0.515625
v -0.046875 0.515625 -0.421875
v -0.140625 0.609375 -0.515625
v -0.140625 0.609375 -0.421875
v -0.140625 0.703125 -0.515625
v -0.140625 0.703125 -0.421875
v -0.046875 0.609375 -0.515625
v -0.046875 0.609375 -0.421875
v -0.046875 0.703125 -0.515625
v -0.046875 0.703125 -0.421875
v -0.328125 0.421875 -0.328125
v -0.328125 0.421875 -0.234375
v -0.328125 0.515625 -0.328125
v -0.328125 0.515625 -0.234375
v -0.234375 0.421875 -0.328125
v -0.234375 0.515625 -0.328125
v -0.328125 0.609375 -0.328125
v -0.328125 0.609375 -0.234375
v -0.328125 0.703125 -0.328125
v -0.328125 0.703125 -0.234375
v -0.234375 0.609375 -0.328125
v -0.234375 0.703125 -0.328125
v -0.140625 0.609375 -0.328125
v -0.140625 0.703125 -0.328125
v -0.515625 0.796875 -0.234375
v -0.421875 0.796875 -0.328125
v -0.421875 0.796875 -0.234375
v -0.421875 0.890625 -0.234375
v -0.515625 0.796875 -0.140625
v -0.515625 0.890625 -0.140625
v -0.515625 0.890625 -0.046875
v -0.421875 0.796875 -0.140625
v -0.421875 0.796875 -0.046875
v -0.421875 0.890625 -0.140625
v -0.421875 0.890625 -0.046875
v -0.421875 0.984375 -0.234375
v -0.421875 1.078125 -0.234375
v -0.421875 0.984375 -0.140625
v -0.421875 0.984375 -0.046875
v -0.421875 1.078125 -0.140625
v -0.421875 1.078125 -0.046875
v -0.421875 1.171875 -0.140625
v -0.421875 1.171875 -0.046875
v -0.328125 0.796875 -0.421875
v -0.234375 0.796875 -0.515625
v -0.234375 0.796875 -0.421875
v -0.234375 0.890625 -0.421875
v -0.234375 0.984375 -0.421875
v -0.234375 1.078125 -0.421875
v -0.140625 0.796875 -0.515625
v -0.140625 0.796875 -0.421875
v -0.140625 0.890625 -0.515625
v -0.140625 0.890625 -0.421875
v -0.046875 0.796875 -0.515625
v -0.046875 0.796875 -0.421875
v -0.046875 0.890625 -0.515625
v -0.140625 0.984375 -0.515625
v -0.140625 0.984375 -0.421875
v -0.140625 1.078125 -0.421875
v -0.046875 0.984375 -0.515625
v -0.046875 0.984375 -0.421875
v -0.046875 1.078125 -0.421875
v -0.328125 0.796875 -0.328125
v -0.328125 0.796875 -0.234375
v -0.328125 0.890625 -0.328125
v -0.328125 0.890625 -0.234375
v -0.234375 0.796875 -0.328125
v -0.234375 0.796875 -0.234375
v -0.234375 0.890625 -0.328125
v -0.234375 0.890625 -0.234375
v -0.328125 0.796875 -0.140625
v -0.328125 0.796875 -0.046875
v -0.328125 0.890625 -0.140625
v -0.328125 0.890625 -0.046875
v -0.234375 0.796875 -0.140625
v -0.234375 0.890625 -0.140625
v -0.234375 0.890625 -0.046875
v -0.328125 0.984375 -0.328125
v -0.328125 0.984375 -0.234375
v -0.328125 1.078125 -0.328125
v -0.328125 1.078125 -0.234375
v -0.234375 0.984375 -0.328125
v -0.234375 1.078125 -0.328125
v -0.234375 1.078125 -0.234375
v -0.328125 1.078125 -0.140625
v -0.234375 0.984375 -0.140625
v -0.234375 0.984375 -0.046875
v -0.234375 1.078125 -0.140625
v -0.234375 1.078125 -0.046875
v -0.140625 0.796875 -0.328125
v -0.140625 0.796875 -0.234375
v -0.140625 0.890625 -0.328125
v -0.140625 0.890625 -0.234375
v -0.046875 0.796875 -0.328125
v -0.046875 0.890625 -0.328125
v -0.046875 0.890625 -0.234375
v -0.140625 0.890625 -0.140625
v -0.140625 0.984375 -0.234375
v -0.140625 1.078125 -0.328125
v -0.140625 1.078125 -0.234375
v -0.046875 0.984375 -0.234375
v -0.046875 1.078125 -0.234375
v -0.140625 0.984375 -0.140625
v -0.140625 1.078125 -0.140625
v -0.140625 1.078125 -0.046875
v -0.046875 1.078125 -0.140625
v -0.140625 1.171875 -0.421875
v -0.046875 1.171875 -0.421875
v -0.328125 1.171875 -0.234375
v -0.328125 1.265625 -0.234375
v -0.234375 1.171875 -0.328125
v -0.234375 1.171875 -0.234375
v -0.234375 1.265625 -0.328125
v -0.234375 1.265625 -0.234375
v -0.328125 1.171875 -0.140625
v -0.328125 1.171875 -0.046875
v -0.328125 1.265625 -0.140625
v -0.328125 1.265625 -0.046875
v -0.234375 1.265625 -0.140625
v -0.234375 1.265625 -0.046875
v -0.234375 1.359375 -0.140625
v -0.234375 1.359375 -0.046875
v -0.140625 1.171875 -0.328125
v -0.140625 1.265625 -0.328125
v -0.140625 1.265625 -0.234375
v -0.046875 1.171875 -0.328125
v -0.046875 1.265625 -0.328125
v -0.046875 1.265625 -0.234375
v -0.140625 1.171875 -0.140625
v -0.140625 1.171875 -0.046875
v -0.140625 1.265625 -0.140625
v -0.140625 1.265625 -0.046875
v -0.046875 1.171875 -0.140625
v -0.046875 1.265625 -0.140625
v -0.046875 1.265625 -0.046875
v -0.140625 1.359375 -0.234375
v -0.046875 1.359375 -0.234375
v -0.140625 1.359375 -0.140625
v -0.140625 1.359375 -0.046875
v -0.140625 1.453125 -0.140625
v -0.140625 1.453125 -0.046875
v -0.046875 1.359375 -0.140625
v -0.046875 1.453125 -0.140625
v -0.421875 0.234375 0.046875
v -0.421875 0.234375 0.140625
v -0.421875 0.328125 0.046875
v -0.421875 0.328125 0.140625
v -0.515625 0.234375 0.234375
v -0.515625 0.328125 0.234375
v -0.421875 0.234375 0.234375
v -0.421875 0.234375 0.328125
v -0.421875 0.328125 0.234375
v -0.421875 0.328125 0.328125
v -0.421875 0.421875 0.046875
v -0.421875 0.421875 0.140625
v -0.421875 0.515625 0.046875
v -0.421875 0.515625 0.140625
v -0.515625 0.421875 0.234375
v -0.515625 0.515625 0.234375
v -0.421875 0.421875 0.234375
v -0.421875 0.421875 0.328125
v -0.421875 0.515625 0.234375
v -0.421875 0.515625 0.328125
v -0.421875 0.609375 0.046875
v -0.421875 0.609375 0.140625
v -0.421875 0.703125 0.046875
v -0.421875 0.703125 0.140625
v -0.515625 0.609375 0.234375
v -0.515625 0.703125 0.234375
v -0.421875 0.609375 0.234375
v -0.421875 0.609375 0.328125
v -0.421875 0.703125 0.234375
v -0.421875 0.703125 0.328125
v -0.328125 0.234375 0.234375
v -0.328125 0.234375 0.328125
v -0.328125 0.328125 0.234375
v -0.328125 0.328125 0.328125
v -0.234375 0.234375 0.328125
v -0.234375 0.328125 0.328125
v -0.328125 0.234375 0.421875
v -0.328125 0.328125 0.421875
v -0.234375 0.234375 0.421875
v -0.234375 0.234375 0.515625
v -0.234375 0.328125 0.421875
v -0.234375 0.328125 0.515625
v -0.140625 0.234375 0.421875
v -0.140625 0.234375 0.515625
v -0.140625 0.328125 0.421875
v -0.140625 0.328125 0.515625
v -0.046875 0.234375 0.421875
v -0.046875 0.234375 0.515625
v -0.046875 0.328125 0.421875
v -0.046875 0.328125 0.515625
v -0.328125 0.421875 0.234375
v -0.328125 0.421875 0.328125
v -0.328125 0.515625 0.234375
v -0.328125 0.515625 0.328125
v -0.234375 0.421875 0.328125
v -0.234375 0.515625 0.328125
v -0.328125 0.609375 0.234375
v -0.328125 0.609375 0.328125
v -0.328125 0.703125 0.234375
v -0.328125 0.703125 0.328125
v -0.234375 0.609375 0.328125
v -0.234375 0.703125 0.328125
v -0.140625 0.609375 0.328125
v -0.140625 0.703125 0.328125
v -0.328125 0.421875 0.421875
v -0.328125 0.515625 0.421875
v -0.234375 0.421875 0.421875
v -0.234375 0.421875 0.515625
v -0.234375 0.515625 0.421875
v -0.234375 0.515625 0.515625
v -0.328125 0.609375 0.421875
v -0.328125 0.703125 0.421875
v -0.234375 0.609375 0.421875
v -0.234375 0.609375 0.515625
v -0.234375 0.703125 0.421875
v -0.234375 0.703125 0.515625
v -0.140625 0.421875 0.421875
v -0.140625 0.421875 0.515625
v -0.140625 0.515625 0.421875
v -0.140625 0.515625 0.515625
v -0.046875 0.421875 0.421875
v -0.046875 0.421875 0.515625
v -0.046875 0.515625 0.421875
v -0.046875 0.515625 0.515625
v -0.140625 0.609375 0.421875
v -0.140625 0.609375 0.515625
v -0.140625 0.703125 0.421875
v -0.140625 0.703125 0.515625
v -0.046875 0.609375 0.421875
v -0.046875 0.609375 0.515625
v -0.046875 0.703125 0.421875
v -0.046875 0.703125 0.515625
v -0.515625 0.796875 0.140625
v -0.515625 0.890625 0.046875
v -0.515625 0.890625 0.140625
v -0.421875 0.796875 0.046875
v -0.421875 0.796875 0.140625
v -0.421875 0.890625 0.046875
v -0.421875 0.890625 0.140625
v -0.515625 0.796875 0.234375
v -0.421875 0.796875 0.234375
v -0.421875 0.796875 0.328125
v -0.421875 0.890625 0.234375
v -0.421875 0.984375 0.046875
v -0.421875 0.984375 0.140625
v -0.421875 1.078125 0.046875
v -0.421875 1.078125 0.140625
v -0.421875 0.984375 0.234375
v -0.421875 1.078125 0.234375
v -0.421875 1.171875 0.046875
v -0.421875 1.171875 0.140625
v -0.328125 0.796875 0.046875
v -0.328125 0.796875 0.140625
v -0.328125 0.890625 0.046875
v -0.328125 0.890625 0.140625
v -0.234375 0.796875 0.140625
v -0.234375 0.890625 0.046875
v -0.234375 0.890625 0.140625
v -0.328125 0.796875 0.234375
v -0.328125 0.796875 0.328125
v -0.328125 0.890625 0.234375
v -0.328125 0.890625 0.328125
v -0.234375 0.796875 0.234375
v -0.234375 0.796875 0.328125
v -0.234375 0.890625 0.234375
v -0.234375 0.890625 0.328125
v -0.328125 1.078125 0.140625
v -0.234375 0.984375 0.046875
v -0.234375 0.984375 0.140625
v -0.234375 1.078125 0.046875
v -0.234375 1.078125 0.140625
v -0.328125 0.984375 0.234375
v -0.328125 0.984375 0.328125
v -0.328125 1.078125 0.234375
v -0.328125 1.078125 0.328125
v -0.234375 0.984375 0.328125
v -0.234375 1.078125 0.234375
v -0.234375 1.078125 0.328125
v -0.140625 0.890625 0.140625
v -0.140625 0.796875 0.234375
v -0.140625 0.796875 0.328125
v -0.140625 0.890625 0.234375
v -0.140625 0.890625 0.328125
v -0.046875 0.796875 0.328125
v -0.046875 0.890625 0.234375
v -0.046875 0.890625 0.328125
v -0.140625 0.984375 0.140625
v -0.140625 1.078125 0.046875
v -0.140625 1.078125 0.140625
v -0.046875 1.078125 0.140625
v -0.140625 0.984375 0.234375
v -0.140625 1.078125 0.234375
v -0.140625 1.078125 0.328125
v -0.046875 0.984375 0.234375
v -0.046875 1.078125 0.234375
v -0.328125 0.796875 0.421875
v -0.234375 0.796875 0.421875
v -0.234375 0.796875 0.515625
v -0.234375 0.890625 0.421875
v -0.234375 0.984375 0.421875
v -0.234375 1.078125 0.421875
v -0.140625 0.796875 0.421875
v -0.140625 0.796875 0.515625
v -0.140625 0.890625 0.421875
v -0.140625 0.890625 0.515625
v -0.046875 0.796875 0.421875
v -0.046875 0.796875 0.515625
v -0.046875 0.890625 0.515625
v -0.140625 0.984375 0.421875
v -0.140625 0.984375 0.515625
v -0.140625 1.078125 0.421875
v -0.046875 0.984375 0.421875
v -0.046875 0.984375 0.515625
v -0.046875 1.078125 0.421875
v -0.328125 1.171875 0.046875
v -0.328125 1.171875 0.140625
v -0.328125 1.265625 0.046875
v -0.328125 1.265625 0.140625
v -0.234375 1.265625 0.046875
v -0.234375 1.265625 0.140625
v -0.328125 1.171875 0.234375
v -0.328125 1.265625 0.234375
v -0.234375 1.171875 0.234375
v -0.234375 1.171875 0.328125
v -0.234375 1.265625 0.234375
v -0.234375 1.265625 0.328125
v -0.234375 1.359375 0.046875
v -0.234375 1.359375 0.140625
v -0.140625 1.171875 0.046875
v -0.140625 1.171875 0.140625
v -0.140625 1.265625 0.046875
v -0.140625 1.265625 0.140625
v -0.046875 1.171875 0.140625
v -0.046875 1.265625 0.046875
v -0.046875 1.265625 0.140625
v -0.140625 1.171875 0.328125
v -0.140625 1.265625 0.234375
v -0.140625 1.265625 0.328125
v -0.046875 1.171875 0.328125
v -0.046875 1.265625 0.234375
v -0.046875 1.265625 0.328125
v -0.140625 1.359375 0.046875
v -0.140625 1.359375 0.140625
v -0.140625 1.453125 0.046875
v -0.140625 1.453125 0.140625
v -0.046875 1.359375 0.140625
v -0.046875 1.453125 0.140625
v -0.140625 1.359375 0.234375
v -0.046875 1.359375 0.234375
v -0.140625 1.171875 0.421875
v -0.046875 1.171875 0.421875
v -0.421875 1.828125 -0.140625
v -0.421875 1.828125 -0.046875
v -0.421875 1.921875 -0.234375
v -0.421875 2.015625 -0.234375
v -0.421875 1.921875 -0.140625
v -0.421875 1.921875 -0.046875
v -0.421875 2.015625 -0.140625
v -0.421875 2.015625 -0.046875
v -0.515625 2.203125 -0.234375
v -0.421875 2.109375 -0.234375
v -0.421875 2.203125 -0.328125
v -0.421875 2.203125 -0.234375
v -0.515625 2.109375 -0.140625
v -0.515625 2.109375 -0.046875
v -0.515625 2.203125 -0.140625
v -0.421875 2.109375 -0.140625
v -0.421875 2.109375 -0.046875
v -0.421875 2.203125 -0.140625
v -0.421875 2.203125 -0.046875
v -0.140625 1.828125 -0.421875
v -0.046875 1.828125 -0.421875
v -0.234375 1.640625 -0.140625
v -0.234375 1.640625 -0.046875
v -0.328125 1.734375 -0.234375
v -0.328125 1.828125 -0.234375
v -0.234375 1.734375 -0.328125
v -0.234375 1.734375 -0.234375
v -0.234375 1.828125 -0.328125
v -0.234375 1.828125 -0.234375
v -0.328125 1.734375 -0.140625
v -0.328125 1.734375 -0.046875
v -0.328125 1.828125 -0.140625
v -0.328125 1.828125 -0.046875
v -0.234375 1.734375 -0.140625
v -0.234375 1.734375 -0.046875
v -0.140625 1.640625 -0.234375
v -0.046875 1.640625 -0.234375
v -0.140625 1.546875 -0.140625
v -0.140625 1.546875 -0.046875
v -0.140625 1.640625 -0.140625
v -0.140625 1.640625 -0.046875
v -0.046875 1.546875 -0.140625
v -0.046875 1.640625 -0.140625
v -0.046875 1.640625 -0.046875
v -0.140625 1.734375 -0.328125
v -0.140625 1.734375 -0.234375
v -0.140625 1.828125 -0.328125
v -0.046875 1.734375 -0.328125
v -0.046875 1.734375 -0.234375
v -0.046875 1.828125 -0.328125
v -0.140625 1.734375 -0.140625
v -0.140625 1.734375 -0.046875
v -0.140625 1.828125 -0.140625
v -0.140625 1.828125 -0.046875
v -0.046875 1.734375 -0.140625
v -0.046875 1.828125 -0.140625
v -0.234375 1.921875 -0.421875
v -0.234375 2.015625 -0.421875
v -0.328125 2.203125 -0.421875
v -0.234375 2.109375 -0.421875
v -0.234375 2.203125 -0.515625
v -0.234375 2.203125 -0.421875
v -0.140625 1.921875 -0.421875
v -0.140625 2.015625 -0.421875
v -0.046875 1.921875 -0.421875
v -0.046875 2.015625 -0.421875
v -0.140625 2.109375 -0.515625
v -0.140625 2.109375 -0.421875
v -0.140625 2.203125 -0.515625
v -0.140625 2.203125 -0.421875
v -0.046875 2.109375 -0.515625
v -0.046875 2.109375 -0.421875
v -0.046875 2.203125 -0.515625
v -0.046875 2.203125 -0.421875
v -0.328125 1.921875 -0.328125
v -0.328125 1.921875 -0.234375
v -0.328125 2.015625 -0.328125
v -0.328125 2.015625 -0.234375
v -0.234375 1.921875 -0.328125
v -0.234375 1.921875 -0.234375
v -0.234375 2.015625 -0.328125
v -0.328125 1.921875 -0.140625
v -0.234375 1.921875 -0.140625
v -0.234375 1.921875 -0.046875
v -0.234375 2.015625 -0.140625
v -0.234375 2.015625 -0.046875
v -0.328125 2.109375 -0.328125
v -0.328125 2.109375 -0.234375
v -0.328125 2.203125 -0.328125
v -0.328125 2.203125 -0.234375
v -0.234375 2.109375 -0.328125
v -0.234375 2.109375 -0.234375
v -0.234375 2.203125 -0.328125
v -0.234375 2.203125 -0.234375
v -0.328125 2.109375 -0.140625
v -0.328125 2.109375 -0.046875
v -0.328125 2.203125 -0.140625
v -0.328125 2.203125 -0.046875
v -0.234375 2.109375 -0.140625
v -0.234375 2.109375 -0.046875
v -0.234375 2.203125 -0.140625
v -0.140625 1.921875 -0.328125
v -0.140625 1.921875 -0.234375
v -0.140625 2.015625 -0.234375
v -0.046875 1.921875 -0.234375
v -0.046875 2.015625 -0.234375
v -0.140625 1.921875 -0.140625
v -0.140625 1.921875 -0.046875
v -0.140625 2.015625 -0.140625
v -0.046875 1.921875 -0.140625
v -0.140625 2.109375 -0.328125
v -0.140625 2.109375 -0.234375
v -0.140625 2.203125 -0.328125
v -0.140625 2.203125 -0.234375
v -0.046875 2.109375 -0.328125
v -0.046875 2.109375 -0.234375
v -0.046875 2.203125 -0.328125
v -0.140625 2.109375 -0.140625
v -0.515625 2.296875 -0.234375
v -0.515625 2.390625 -0.234375
v -0.421875 2.296875 -0.328125
v -0.421875 2.296875 -0.234375
v -0.421875 2.390625 -0.328125
v -0.421875 2.390625 -0.234375
v -0.421875 2.296875 -0.140625
v -0.421875 2.296875 -0.046875
v -0.421875 2.390625 -0.140625
v -0.421875 2.390625 -0.046875
v -0.515625 2.484375 -0.234375
v -0.515625 2.578125 -0.234375
v -0.421875 2.484375 -0.328125
v -0.421875 2.484375 -0.234375
v -0.421875 2.578125 -0.328125
v -0.421875 2.578125 -0.234375
v -0.421875 2.484375 -0.140625
v -0.421875 2.484375 -0.046875
v -0.421875 2.578125 -0.140625
v -0.421875 2.578125 -0.046875
v -0.515625 2.671875 -0.234375
v -0.515625 2.765625 -0.234375
v -0.421875 2.671875 -0.328125
v -0.421875 2.671875 -0.234375
v -0.421875 2.765625 -0.328125
v -0.421875 2.765625 -0.234375
v -0.421875 2.671875 -0.140625
v -0.421875 2.671875 -0.046875
v -0.421875 2.765625 -0.140625
v -0.421875 2.765625 -0.046875
v -0.328125 2.296875 -0.421875
v -0.328125 2.390625 -0.421875
v -0.234375 2.296875 -0.515625
v -0.234375 2.296875 -0.421875
v -0.234375 2.390625 -0.515625
v -0.234375 2.390625 -0.421875
v -0.328125 2.484375 -0.421875
v -0.328125 2.578125 -0.421875
v -0.234375 2.484375 -0.515625
v -0.234375 2.484375 -0.421875
v -0.234375 2.578125 -0.515625
v -0.234375 2.578125 -0.421875
v -0.140625 2.296875 -0.515625
v -0.140625 2.296875 -0.421875
v -0.140625 2.390625 -0.515625
v -0.140625 2.390625 -0.421875
v -0.046875 2.296875 -0.515625
v -0.046875 2.296875 -0.421875
v -0.046875 2.390625 -0.515625
v -0.046875 2.390625 -0.421875
v -0.140625 2.484375 -0.515625
v -0.140625 2.484375 -0.421875
v -0.140625 2.578125 -0.515625
v -0.140625 2.578125 -0.421875
v -0.046875 2.484375 -0.515625
v -0.046875 2.484375 -0.421875
v -0.046875 2.578125 -0.515625
v -0.046875 2.578125 -0.421875
v -0.328125 2.296875 -0.328125
v -0.328125 2.296875 -0.234375
v -0.328125 2.390625 -0.328125
v -0.328125 2.390625 -0.234375
v -0.234375 2.296875 -0.328125
v -0.234375 2.390625 -0.328125
v -0.328125 2.484375 -0.328125
v -0.328125 2.484375 -0.234375
v -0.328125 2.578125 -0.328125
v -0.328125 2.578125 -0.234375
v -0.234375 2.484375 -0.328125
v -0.234375 2.578125 -0.328125
v -0.140625 2.296875 -0.328125
v -0.140625 2.390625 -0.328125
v -0.328125 2.671875 -0.421875
v -0.328125 2.765625 -0.421875
v -0.234375 2.671875 -0.515625
v -0.234375 2.671875 -0.421875
v -0.234375 2.765625 -0.515625
v -0.234375 2.765625 -0.421875
v -0.140625 2.671875 -0.515625
v -0.140625 2.671875 -0.421875
v -0.140625 2.765625 -0.515625
v -0.140625 2.765625 -0.421875
v -0.046875 2.671875 -0.515625
v -0.046875 2.671875 -0.421875
v -0.046875 2.765625 -0.515625
v -0.046875 2.765625 -0.421875
v -0.328125 2.671875 -0.328125
v -0.328125 2.671875 -0.234375
v -0.328125 2.765625 -0.328125
v -0.328125 2.765625 -0.234375
v -0.234375 2.671875 -0.328125
v -0.234375 2.765625 -0.328125
v -0.421875 1.828125 0.046875
v -0.421875 1.828125 0.140625
v -0.421875 1.921875 0.046875
v -0.421875 1.921875 0.140625
v -0.421875 2.015625 0.046875
v -0.421875 2.015625 0.140625
v -0.421875 1.921875 0.234375
v -0.421875 2.015625 0.234375
v -0.515625 2.109375 0.046875
v -0.515625 2.109375 0.140625
v -0.515625 2.203125 0.140625
v -0.421875 2.109375 0.046875
v -0.421875 2.109375 0.140625
v -0.421875 2.203125 0.046875
v -0.421875 2.203125 0.140625
v -0.515625 2.203125 0.234375
v -0.421875 2.109375 0.234375
v -0.421875 2.203125 0.234375
v -0.421875 2.203125 0.328125
v -0.234375 1.640625 0.046875
v -0.234375 1.640625 0.140625
v -0.328125 1.734375 0.046875
v -0.328125 1.734375 0.140625
v -0.328125 1.828125 0.046875
v -0.328125 1.828125 0.140625
v -0.234375 1.734375 0.046875
v -0.234375 1.734375 0.140625
v -0.328125 1.734375 0.234375
v -0.328125 1.828125 0.234375
v -0.234375 1.734375 0.234375
v -0.234375 1.734375 0.328125
v -0.234375 1.828125 0.234375
v -0.234375 1.828125 0.328125
v -0.140625 1.546875 0.046875
v -0.140625 1.546875 0.140625
v -0.140625 1.640625 0.046875
v -0.140625 1.640625 0.140625
v -0.046875 1.546875 0.140625
v -0.046875 1.640625 0.046875
v -0.046875 1.640625 0.140625
v -0.140625 1.640625 0.234375
v -0.046875 1.640625 0.234375
v -0.140625 1.734375 0.046875
v -0.140625 1.734375 0.140625
v -0.140625 1.828125 0.046875
v -0.140625 1.828125 0.140625
v -0.046875 1.734375 0.140625
v -0.046875 1.828125 0.140625
v -0.140625 1.734375 0.234375
v -0.140625 1.734375 0.328125
v -0.140625 1.828125 0.328125
v -0.046875 1.734375 0.234375
v -0.046875 1.734375 0.328125
v -0.046875 1.828125 0.328125
v -0.140625 1.828125 0.421875
v -0.046875 1.828125 0.421875
v -0.328125 1.921875 0.140625
v -0.234375 1.921875 0.046875
v -0.234375 1.921875 0.140625
v -0.234375 2.015625 0.046875
v -0.234375 2.015625 0.140625
v -0.328125 1.921875 0.234375
v -0.328125 1.921875 0.328125
v -0.328125 2.015625 0.234375
v -0.328125 2.015625 0.328125
v -0.234375 1.921875 0.234375
v -0.234375 1.921875 0.328125
v -0.234375 2.015625 0.328125
v -0.328125 2.109375 0.046875
v -0.328125 2.109375 0.140625
v -0.328125 2.203125 0.046875
v -0.328125 2.203125 0.140625
v -0.234375 2.109375 0.046875
v -0.234375 2.109375 0.140625
v -0.234375 2.203125 0.140625
v -0.328125 2.109375 0.234375
v -0.328125 2.109375 0.328125
v -0.328125 2.203125 0.234375
v -0.328125 2.203125 0.328125
v -0.234375 2.109375 0.234375
v -0.234375 2.109375 0.328125
v -0.234375 2.203125 0.234375
v -0.234375 2.203125 0.328125
v -0.140625 1.921875 0.046875
v -0.140625 1.921875 0.140625
v -0.140625 2.015625 0.140625
v -0.046875 1.921875 0.140625
v -0.140625 1.921875 0.234375
v -0.140625 1.921875 0.328125
v -0.140625 2.015625 0.234375
v -0.046875 1.921875 0.234375
v -0.046875 2.015625 0.234375
v -0.140625 2.109375 0.140625
v -0.140625 2.109375 0.234375
v -0.140625 2.109375 0.328125
v -0.140625 2.203125 0.234375
v -0.140625 2.203125 0.328125
v -0.046875 2.109375 0.234375
v -0.046875 2.109375 0.328125
v -0.046875 2.203125 0.328125
v -0.234375 1.921875 0.421875
v -0.234375 2.015625 0.421875
v -0.328125 2.203125 0.421875
v -0.234375 2.109375 0.421875
v -0.234375 2.203125 0.421875
v -0.234375 2.203125 0.515625
v -0.140625 1.921875 0.421875
v -0.140625 2.015625 0.421875
v -0.046875 1.921875 0.421875
v -0.046875 2.015625 0.421875
v -0.140625 2.109375 0.421875
v -0.140625 2.109375 0.515625
v -0.140625 2.203125 0.421875
v -0.140625 2.203125 0.515625
v -0.046875 2.109375 0.421875
v -0.046875 2.109375 0.515625
v -0.046875 2.203125 0.421875
v -0.046875 2.203125 0.515625
v -0.421875 2.296875 0.046875
v -0.421875 2.296875 0.140625
v -0.421875 2.390625 0.046875
v -0.421875 2.390625 0.140625
v -0.515625 2.296875 0.234375
v -0.515625 2.390625 0.234375
v -0.421875 2.296875 0.234375
v -0.421875 2.296875 0.328125
v -0.421875 2.390625 0.234375
v -0.421875 2.390625 0.328125
v -0.421875 2.484375 0.046875
v -0.421875 2.484375 0.140625
v -0.421875 2.578125 0.046875
v -0.421875 2.578125 0.140625
v -0.515625 2.484375 0.234375
v -0.515625 2.578125 0.234375
v -0.421875 2.484375 0.234375
v -0.421875 2.484375 0.328125
v -0.421875 2.578125 0.234375
v -0.421875 2.578125 0.328125
v -0.421875 2.671875 0.046875
v -0.421875 2.671875 0.140625
v -0.421875 2.765625 0.046875
v -0.421875 2.765625 0.140625
v -0.515625 2.671875 0.234375
v -0.515625 2.765625 0.234375
v -0.421875 2.671875 0.234375
v -0.421875 2.671875 0.328125
v -0.421875 2.765625 0.234375
v -0.421875 2.765625 0.328125
v -0.328125 2.296875 0.234375
v -0.328125 2.296875 0.328125
v -0.328125 2.390625 0.234375
v -0.328125 2.390625 0.328125
v -0.234375 2.296875 0.328125
v -0.234375 2.390625 0.328125
v -0.328125 2.484375 0.234375
v -0.328125 2.484375 0.328125
v -0.328125 2.578125 0.234375
v -0.328125 2.578125 0.328125
v -0.234375 2.484375 0.328125
v -0.234375 2.578125 0.328125
v -0.140625 2.296875 0.328125
v -0.140625 2.390625 0.328125
v -0.328125 2.296875 0.421875
v -0.328125 2.390625 0.421875
v -0.234375 2.296875 0.421875
v -0.234375 2.296875 0.515625
v -0.234375 2.390625 0.421875
v -0.234375 2.390625 0.515625
v -0.328125 2.484375 0.421875
v -0.328125 2.578125 0.421875
v -0.234375 2.484375 0.421875
v -0.234375 2.484375 0.515625
v -0.234375 2.578125 0.421875
v -0.234375 2.578125 0.515625
v -0.140625 2.296875 0.421875
v -0.140625 2.296875 0.515625
v -0.140625 2.390625 0.421875
v -0.140625 2.390625 0.515625
v -0.046875 2.296875 0.421875
v -0.046875 2.296875 0.515625
v -0.046875 2.390625 0.421875
v -0.046875 2.390625 0.515625
v -0.140625 2.484375 0.421875
v -0.140625 2.484375 0.515625
v -0.140625 2.578125 0.421875
v -0.140625 2.578125 0.515625
v -0.046875 2.484375 0.421875
v -0.046875 2.484375 0.515625
v -0.046875 2.578125 0.421875
v -0.046875 2.578125 0.515625
v -0.328125 2.671875 0.234375
v -0.328125 2.671875 0.328125
v -0.328125 2.765625 0.234375
v -0.328125 2.765625 0.328125
v -0.234375 2.671875 0.328125
v -0.234375 2.765625 0.328125
v -0.328125 2.671875 0.421875
v -0.328125 2.765625 0.421875
v -0.234375 2.671875 0.421875
v -0.234375 2.671875 0.515625
v -0.234375 2.765625 0.421875
v -0.234375 2.765625 0.515625
v -0.140625 2.671875 0.421875
v -0.140625 2.671875 0.515625
v -0.140625 2.765625 0.421875
v -0.140625 2.765625 0.515625
v -0.046875 2.671875 0.421875
v -0.046875 2.671875 0.515625
v -0.046875 2.765625 0.421875
v -0.046875 2.765625 0.515625
v 0.046875 0.234375 -0.515625
v 0.046875 0.234375 -0.421875
v 0.046875 0.328125 -0.515625
v 0.046875 0.328125 -0.421875
v 0.140625 0.234375 -0.515625
v 0.140625 0.234375 -0.421875
v 0.140625 0.328125 -0.515625
v 0.140625 0.328125 -0.421875
v 0.234375 0.234375 -0.515625
v 0.234375 0.234375 -0.421875
v 0.234375 0.328125 -0.515625
v 0.234375 0.328125 -0.421875
v 0.328125 0.234375 -0.421875
v 0.328125 0.328125 -0.421875
v 0.234375 0.234375 -0.328125
v 0.234375 0.328125 -0.328125
v 0.328125 0.234375 -0.328125
v 0.328125 0.234375 -0.234375
v 0.328125 0.328125 -0.328125
v 0.328125 0.328125 -0.234375
v 0.046875 0.421875 -0.515625
v 0.046875 0.421875 -0.421875
v 0.046875 0.515625 -0.515625
v 0.046875 0.515625 -0.421875
v 0.140625 0.421875 -0.515625
v 0.140625 0.421875 -0.421875
v 0.140625 0.515625 -0.515625
v 0.140625 0.515625 -0.421875
v 0.046875 0.609375 -0.515625
v 0.046875 0.609375 -0.421875
v 0.046875 0.703125 -0.515625
v 0.046875 0.703125 -0.421875
v 0.140625 0.609375 -0.515625
v 0.140625 0.609375 -0.421875
v 0.140625 0.703125 -0.515625
v 0.140625 0.703125 -0.421875
v 0.234375 0.421875 -0.515625
v 0.234375 0.421875 -0.421875
v 0.234375 0.515625 -0.515625
v 0.234375 0.515625 -0.421875
v 0.328125 0.421875 -0.421875
v 0.328125 0.515625 -0.421875
v 0.234375 0.609375 -0.515625
v 0.234375 0.609375 -0.421875
v 0.234375 0.703125 -0.515625
v 0.234375 0.703125 -0.421875
v 0.328125 0.609375 -0.421875
v 0.328125 0.703125 -0.421875
v 0.140625 0.609375 -0.328125
v 0.140625 0.703125 -0.328125
v 0.234375 0.421875 -0.328125
v 0.234375 0.515625 -0.328125
v 0.328125 0.421875 -0.328125
v 0.328125 0.421875 -0.234375
v 0.328125 0.515625 -0.328125
v 0.328125 0.515625 -0.234375
v 0.234375 0.609375 -0.328125
v 0.234375 0.703125 -0.328125
v 0.328125 0.609375 -0.328125
v 0.328125 0.609375 -0.234375
v 0.328125 0.703125 -0.328125
v 0.328125 0.703125 -0.234375
v 0.421875 0.234375 -0.328125
v 0.421875 0.234375 -0.234375
v 0.421875 0.328125 -0.328125
v 0.421875 0.328125 -0.234375
v 0.515625 0.234375 -0.234375
v 0.515625 0.328125 -0.234375
v 0.421875 0.234375 -0.140625
v 0.421875 0.234375 -0.046875
v 0.421875 0.328125 -0.140625
v 0.421875 0.328125 -0.046875
v 0.421875 0.421875 -0.328125
v 0.421875 0.421875 -0.234375
v 0.421875 0.515625 -0.328125
v 0.421875 0.515625 -0.234375
v 0.515625 0.421875 -0.234375
v 0.515625 0.515625 -0.234375
v 0.421875 0.421875 -0.140625
v 0.421875 0.421875 -0.046875
v 0.421875 0.515625 -0.140625
v 0.421875 0.515625 -0.046875
v 0.421875 0.609375 -0.328125
v 0.421875 0.609375 -0.234375
v 0.421875 0.703125 -0.328125
v 0.421875 0.703125 -0.234375
v 0.515625 0.609375 -0.234375
v 0.515625 0.703125 -0.234375
v 0.421875 0.609375 -0.140625
v 0.421875 0.609375 -0.046875
v 0.421875 0.703125 -0.140625
v 0.421875 0.703125 -0.046875
v 0.046875 0.796875 -0.515625
v 0.046875 0.796875 -0.421875
v 0.046875 0.890625 -0.515625
v 0.140625 0.796875 -0.515625
v 0.140625 0.796875 -0.421875
v 0.140625 0.890625 -0.515625
v 0.140625 0.890625 -0.421875
v 0.046875 0.984375 -0.515625
v 0.046875 0.984375 -0.421875
v 0.046875 1.078125 -0.421875
v 0.140625 0.984375 -0.515625
v 0.140625 0.984375 -0.421875
v 0.140625 1.078125 -0.421875
v 0.234375 0.796875 -0.515625
v 0.234375 0.796875 -0.421875
v 0.234375 0.890625 -0.421875
v 0.328125 0.796875 -0.421875
v 0.234375 0.984375 -0.421875
v 0.234375 1.078125 -0.421875
v 0.046875 0.796875 -0.328125
v 0.046875 0.890625 -0.328125
v 0.046875 0.890625 -0.234375
v 0.140625 0.796875 -0.328125
v 0.140625 0.796875 -0.234375
v 0.140625 0.890625 -0.328125
v 0.140625 0.890625 -0.234375
v 0.140625 0.890625 -0.140625
v 0.046875 0.984375 -0.234375
v 0.046875 1.078125 -0.234375
v 0.140625 0.984375 -0.234375
v 0.140625 1.078125 -0.328125
v 0.140625 1.078125 -0.234375
v 0.046875 1.078125 -0.140625
v 0.140625 0.984375 -0.140625
v 0.140625 1.078125 -0.140625
v 0.140625 1.078125 -0.046875
v 0.234375 0.796875 -0.328125
v 0.234375 0.796875 -0.234375
v 0.234375 0.890625 -0.328125
v 0.234375 0.890625 -0.234375
v 0.328125 0.796875 -0.328125
v 0.328125 0.796875 -0.234375
v 0.328125 0.890625 -0.328125
v 0.328125 0.890625 -0.234375
v 0.234375 0.796875 -0.140625
v 0.234375 0.890625 -0.140625
v 0.234375 0.890625 -0.046875
v 0.328125 0.796875 -0.140625
v 0.328125 0.796875 -0.046875
v 0.328125 0.890625 -0.140625
v 0.328125 0.890625 -0.046875
v 0.234375 0.984375 -0.328125
v 0.234375 1.078125 -0.328125
v 0.234375 1.078125 -0.234375
v 0.328125 0.984375 -0.328125
v 0.328125 0.984375 -0.234375
v 0.328125 1.078125 -0.328125
v 0.328125 1.078125 -0.234375
v 0.234375 0.984375 -0.140625
v 0.234375 0.984375 -0.046875
v 0.234375 1.078125 -0.140625
v 0.234375 1.078125 -0.046875
v 0.328125 1.078125 -0.140625
v 0.046875 1.171875 -0.421875
v 0.140625 1.171875 -0.421875
v 0.046875 1.171875 -0.328125
v 0.046875 1.265625 -0.328125
v 0.046875 1.265625 -0.234375
v 0.140625 1.171875 -0.328125
v 0.140625 1.265625 -0.328125
v 0.140625 1.265625 -0.234375
v 0.046875 1.171875 -0.140625
v 0.046875 1.265625 -0.140625
v 0.046875 1.265625 -0.046875
v 0.140625 1.171875 -0.140625
v 0.140625 1.171875 -0.046875
v 0.140625 1.265625 -0.140625
v 0.140625 1.265625 -0.046875
v 0.046875 1.359375 -0.234375
v 0.140625 1.359375 -0.234375
v 0.046875 1.359375 -0.140625
v 0.046875 1.453125 -0.140625
v 0.140625 1.359375 -0.140625
v 0.140625 1.359375 -0.046875
v 0.140625 1.453125 -0.140625
v 0.140625 1.453125 -0.046875
v 0.234375 1.171875 -0.328125
v 0.234375 1.171875 -0.234375
v 0.234375 1.265625 -0.328125
v 0.234375 1.265625 -0.234375
v 0.328125 1.171875 -0.234375
v 0.328125 1.265625 -0.234375
v 0.234375 1.265625 -0.140625
v 0.234375 1.265625 -0.046875
v 0.328125 1.171875 -0.140625
v 0.328125 1.171875 -0.046875
v 0.328125 1.265625 -0.140625
v 0.328125 1.265625 -0.046875
v 0.234375 1.359375 -0.140625
v 0.234375 1.359375 -0.046875
v 0.421875 0.796875 -0.328125
v 0.421875 0.796875 -0.234375
v 0.421875 0.890625 -0.234375
v 0.515625 0.796875 -0.234375
v 0.421875 0.796875 -0.140625
v 0.421875 0.796875 -0.046875
v 0.421875 0.890625 -0.140625
v 0.421875 0.890625 -0.046875
v 0.515625 0.796875 -0.140625
v 0.515625 0.890625 -0.140625
v 0.515625 0.890625 -0.046875
v 0.421875 0.984375 -0.234375
v 0.421875 1.078125 -0.234375
v 0.421875 0.984375 -0.140625
v 0.421875 0.984375 -0.046875
v 0.421875 1.078125 -0.140625
v 0.421875 1.078125 -0.046875
v 0.421875 1.171875 -0.140625
v 0.421875 1.171875 -0.046875
v 0.234375 0.234375 0.328125
v 0.234375 0.328125 0.328125
v 0.328125 0.234375 0.234375
v 0.328125 0.234375 0.328125
v 0.328125 0.328125 0.234375
v 0.328125 0.328125 0.328125
v 0.046875 0.234375 0.421875
v 0.046875 0.234375 0.515625
v 0.046875 0.328125 0.421875
v 0.046875 0.328125 0.515625
v 0.140625 0.234375 0.421875
v 0.140625 0.234375 0.515625
v 0.140625 0.328125 0.421875
v 0.140625 0.328125 0.515625
v 0.234375 0.234375 0.421875
v 0.234375 0.234375 0.515625
v 0.234375 0.328125 0.421875
v 0.234375 0.328125 0.515625
v 0.328125 0.234375 0.421875
v 0.328125 0.328125 0.421875
v 0.140625 0.609375 0.328125
v 0.140625 0.703125 0.328125
v 0.234375 0.421875 0.328125
v 0.234375 0.515625 0.328125
v 0.328125 0.421875 0.234375
v 0.328125 0.421875 0.328125
v 0.328125 0.515625 0.234375
v 0.328125 0.515625 0.328125
v 0.234375 0.609375 0.328125
v 0.234375 0.703125 0.328125
v 0.328125 0.609375 0.234375
v 0.328125 0.609375 0.328125
v 0.328125 0.703125 0.234375
v 0.328125 0.703125 0.328125
v 0.046875 0.421875 0.421875
v 0.046875 0.421875 0.515625
v 0.046875 0.515625 0.421875
v 0.046875 0.515625 0.515625
v 0.140625 0.421875 0.421875
v 0.140625 0.421875 0.515625
v 0.140625 0.515625 0.421875
v 0.140625 0.515625 0.515625
v 0.046875 0.609375 0.421875
v 0.046875 0.609375 0.515625
v 0.046875 0.703125 0.421875
v 0.046875 0.703125 0.515625
v 0.140625 0.609375 0.421875
v 0.140625 0.609375 0.515625
v 0.140625 0.703125 0.421875
v 0.140625 0.703125 0.515625
v 0.234375 0.421875 0.421875
v 0.234375 0.421875 0.515625
v 0.234375 0.515625 0.421875
v 0.234375 0.515625 0.515625
v 0.328125 0.421875 0.421875
v 0.328125 0.515625 0.421875
v 0.234375 0.609375 0.421875
v 0.234375 0.609375 0.515625
v 0.234375 0.703125 0.421875
v 0.234375 0.703125 0.515625
v 0.328125 0.609375 0.421875
v 0.328125 0.703125 0.421875
v 0.421875 0.234375 0.046875
v 0.421875 0.234375 0.140625
v 0.421875 0.328125 0.046875
v 0.421875 0.328125 0.140625
v 0.421875 0.234375 0.234375
v 0.421875 0.234375 0.328125
v 0.421875 0.328125 0.234375
v 0.421875 0.328125 0.328125
v 0.515625 0.234375 0.234375
v 0.515625 0.328125 0.234375
v 0.421875 0.421875 0.046875
v 0.421875 0.421875 0.140625
v 0.421875 0.515625 0.046875
v 0.421875 0.515625 0.140625
v 0.421875 0.421875 0.234375
v 0.421875 0.421875 0.328125
v 0.421875 0.515625 0.234375
v 0.421875 0.515625 0.328125
v 0.515625 0.421875 0.234375
v 0.515625 0.515625 0.234375
v 0.421875 0.609375 0.046875
v 0.421875 0.609375 0.140625
v 0.421875 0.703125 0.046875
v 0.421875 0.703125 0.140625
v 0.421875 0.609375 0.234375
v 0.421875 0.609375 0.328125
v 0.421875 0.703125 0.234375
v 0.421875 0.703125 0.328125
v 0.515625 0.609375 0.234375
v 0.515625 0.703125 0.234375
v 0.140625 0.890625 0.140625
v 0.046875 0.796875 0.328125
v 0.046875 0.890625 0.234375
v 0.046875 0.890625 0.328125
v 0.140625 0.796875 0.234375
v 0.140625 0.796875 0.328125
v 0.140625 0.890625 0.234375
v 0.140625 0.890625 0.328125
v 0.046875 1.078125 0.140625
v 0.140625 0.984375 0.140625
v 0.140625 1.078125 0.046875
v 0.140625 1.078125 0.140625
v 0.046875 0.984375 0.234375
v 0.046875 1.078125 0.234375
v 0.140625 0.984375 0.234375
v 0.140625 1.078125 0.234375
v 0.140625 1.078125 0.328125
v 0.234375 0.796875 0.140625
v 0.234375 0.890625 0.046875
v 0.234375 0.890625 0.140625
v 0.328125 0.796875 0.046875
v 0.328125 0.796875 0.140625
v 0.328125 0.890625 0.046875
v 0.328125 0.890625 0.140625
v 0.234375 0.796875 0.234375
v 0.234375 0.796875 0.328125
v 0.234375 0.890625 0.234375
v 0.234375 0.890625 0.328125
v 0.328125 0.796875 0.234375
v 0.328125 0.796875 0.328125
v 0.328125 0.890625 0.234375
v 0.328125 0.890625 0.328125
v 0.234375 0.984375 0.046875
v 0.234375 0.984375 0.140625
v 0.234375 1.078125 0.046875
v 0.234375 1.078125 0.140625
v 0.328125 1.078125 0.140625
v 0.234375 0.984375 0.328125
v 0.234375 1.078125 0.234375
v 0.234375 1.078125 0.328125
v 0.328125 0.984375 0.234375
v 0.328125 0.984375 0.328125
v 0.328125 1.078125 0.234375
v 0.328125 1.078125 0.328125
v 0.046875 0.796875 0.421875
v 0.046875 0.796875 0.515625
v 0.046875 0.890625 0.515625
v 0.140625 0.796875 0.421875
v 0.140625 0.796875 0.515625
v 0.140625 0.890625 0.421875
v 0.140625 0.890625 0.515625
v 0.046875 0.984375 0.421875
v 0.046875 0.984375 0.515625
v 0.046875 1.078125 0.421875
v 0.140625 0.984375 0.421875
v 0.140625 0.984375 0.515625
v 0.140625 1.078125 0.421875
v 0.234375 0.796875 0.421875
v 0.234375 0.796875 0.515625
v 0.234375 0.890625 0.421875
v 0.328125 0.796875 0.421875
v 0.234375 0.984375 0.421875
v 0.234375 1.078125 0.421875
v 0.046875 1.171875 0.140625
v 0.046875 1.265625 0.046875
v 0.046875 1.265625 0.140625
v 0.140625 1.171875 0.046875
v 0.140625 1.171875 0.140625
v 0.140625 1.265625 0.046875
v 0.140625 1.265625 0.140625
v 0.046875 1.171875 0.328125
v 0.046875 1.265625 0.234375
v 0.046875 1.265625 0.328125
v 0.140625 1.171875 0.328125
v 0.140625 1.265625 0.234375
v 0.140625 1.265625 0.328125
v 0.046875 1.359375 0.140625
v 0.046875 1.453125 0.140625
v 0.140625 1.359375 0.046875
v 0.140625 1.359375 0.140625
v 0.140625 1.453125 0.046875
v 0.140625 1.453125 0.140625
v 0.046875 1.359375 0.234375
v 0.140625 1.359375 0.234375
v 0.234375 1.265625 0.046875
v 0.234375 1.265625 0.140625
v 0.328125 1.171875 0.046875
v 0.328125 1.171875 0.140625
v 0.328125 1.265625 0.046875
v 0.328125 1.265625 0.140625
v 0.234375 1.171875 0.234375
v 0.234375 1.171875 0.328125
v 0.234375 1.265625 0.234375
v 0.234375 1.265625 0.328125
v 0.328125 1.171875 0.234375
v 0.328125 1.265625 0.234375
v 0.234375 1.359375 0.046875
v 0.234375 1.359375 0.140625
v 0.046875 1.171875 0.421875
v 0.140625 1.171875 0.421875
v 0.421875 0.796875 0.046875
v 0.421875 0.796875 0.140625
v 0.421875 0.890625 0.046875
v 0.421875 0.890625 0.140625
v 0.515625 0.796875 0.140625
v 0.515625 0.890625 0.046875
v 0.515625 0.890625 0.140625
v 0.421875 0.796875 0.234375
v 0.421875 0.796875 0.328125
v 0.421875 0.890625 0.234375
v 0.515625 0.796875 0.234375
v 0.421875 0.984375 0.046875
v 0.421875 0.984375 0.140625
v 0.421875 1.078125 0.046875
v 0.421875 1.078125 0.140625
v 0.421875 0.984375 0.234375
v 0.421875 1.078125 0.234375
v 0.421875 1.171875 0.046875
v 0.421875 1.171875 0.140625
v 0.046875 1.828125 -0.421875
v 0.140625 1.828125 -0.421875
v 0.046875 1.640625 -0.234375
v 0.140625 1.640625 -0.234375
v 0.046875 1.546875 -0.140625
v 0.046875 1.640625 -0.140625
v 0.046875 1.640625 -0.046875
v 0.140625 1.546875 -0.140625
v 0.140625 1.546875 -0.046875
v 0.140625 1.640625 -0.140625
v 0.140625 1.640625 -0.046875
v 0.046875 1.734375 -0.328125
v 0.046875 1.734375 -0.234375
v 0.046875 1.828125 -0.328125
v 0.140625 1.734375 -0.328125
v 0.140625 1.734375 -0.234375
v 0.140625 1.828125 -0.328125
v 0.046875 1.734375 -0.140625
v 0.046875 1.828125 -0.140625
v 0.140625 1.734375 -0.140625
v 0.140625 1.734375 -0.046875
v 0.140625 1.828125 -0.140625
v 0.140625 1.828125 -0.046875
v 0.234375 1.640625 -0.140625
v 0.234375 1.640625 -0.046875
v 0.234375 1.734375 -0.328125
v 0.234375 1.734375 -0.234375
v 0.234375 1.828125 -0.328125
v 0.234375 1.828125 -0.234375
v 0.328125 1.734375 -0.234375
v 0.328125 1.828125 -0.234375
v 0.234375 1.734375 -0.140625
v 0.234375 1.734375 -0.046875
v 0.328125 1.734375 -0.140625
v 0.328125 1.734375 -0.046875
v 0.328125 1.828125 -0.140625
v 0.328125 1.828125 -0.046875
v 0.046875 1.921875 -0.421875
v 0.046875 2.015625 -0.421875
v 0.140625 1.921875 -0.421875
v 0.140625 2.015625 -0.421875
v 0.046875 2.109375 -0.515625
v 0.046875 2.109375 -0.421875
v 0.046875 2.203125 -0.515625
v 0.046875 2.203125 -0.421875
v 0.140625 2.109375 -0.515625
v 0.140625 2.109375 -0.421875
v 0.140625 2.203125 -0.515625
v 0.140625 2.203125 -0.421875
v 0.234375 1.921875 -0.421875
v 0.234375 2.015625 -0.421875
v 0.234375 2.109375 -0.421875
v 0.234375 2.203125 -0.515625
v 0.234375 2.203125 -0.421875
v 0.328125 2.203125 -0.421875
v 0.046875 1.921875 -0.234375
v 0.046875 2.015625 -0.234375
v 0.140625 1.921875 -0.328125
v 0.140625 1.921875 -0.234375
v 0.140625 2.015625 -0.234375
v 0.046875 1.921875 -0.140625
v 0.140625 1.921875 -0.140625
v 0.140625 1.921875 -0.046875
v 0.140625 2.015625 -0.140625
v 0.046875 2.109375 -0.328125
v 0.046875 2.109375 -0.234375
v 0.046875 2.203125 -0.328125
v 0.140625 2.109375 -0.328125
v 0.140625 2.109375 -0.234375
v 0.140625 2.203125 -0.328125
v 0.140625 2.203125 -0.234375
v 0.140625 2.109375 -0.140625
v 0.234375 1.921875 -0.328125
v 0.234375 1.921875 -0.234375
v 0.234375 2.015625 -0.328125
v 0.328125 1.921875 -0.328125
v 0.328125 1.921875 -0.234375
v 0.328125 2.015625 -0.328125
v 0.328125 2.015625 -0.234375
v 0.234375 1.921875 -0.140625
v 0.234375 1.921875 -0.046875
v 0.234375 2.015625 -0.140625
v 0.234375 2.015625 -0.046875
v 0.328125 1.921875 -0.140625
v 0.234375 2.109375 -0.328125
v 0.234375 2.109375 -0.234375
v 0.234375 2.203125 -0.328125
v 0.234375 2.203125 -0.234375
v 0.328125 2.109375 -0.328125
v 0.328125 2.109375 -0.234375
v 0.328125 2.203125 -0.328125
v 0.328125 2.203125 -0.234375
v 0.234375 2.109375 -0.140625
v 0.234375 2.109375 -0.046875
v 0.234375 2.203125 -0.140625
v 0.328125 2.109375 -0.140625
v 0.328125 2.109375 -0.046875
v 0.328125 2.203125 -0.140625
v 0.328125 2.203125 -0.046875
v 0.421875 1.828125 -0.140625
v 0.421875 1.828125 -0.046875
v 0.421875 1.921875 -0.234375
v 0.421875 2.015625 -0.234375
v 0.421875 1.921875 -0.140625
v 0.421875 1.921875 -0.046875
v 0.421875 2.015625 -0.140625
v 0.421875 2.015625 -0.046875
v 0.421875 2.109375 -0.234375
v 0.421875 2.203125 -0.328125
v 0.421875 2.203125 -0.234375
v 0.515625 2.203125 -0.234375
v 0.421875 2.109375 -0.140625
v 0.421875 2.109375 -0.046875
v 0.421875 2.203125 -0.140625
v 0.421875 2.203125 -0.046875
v 0.515625 2.109375 -0.140625
v 0.515625 2.109375 -0.046875
v 0.515625 2.203125 -0.140625
v 0.046875 2.296875 -0.515625
v 0.046875 2.296875 -0.421875
v 0.046875 2.390625 -0.515625
v 0.046875 2.390625 -0.421875
v 0.140625 2.296875 -0.515625
v 0.140625 2.296875 -0.421875
v 0.140625 2.390625 -0.515625
v 0.140625 2.390625 -0.421875
v 0.046875 2.484375 -0.515625
v 0.046875 2.484375 -0.421875
v 0.046875 2.578125 -0.515625
v 0.046875 2.578125 -0.421875
v 0.140625 2.484375 -0.515625
v 0.140625 2.484375 -0.421875
v 0.140625 2.578125 -0.515625
v 0.140625 2.578125 -0.421875
v 0.234375 2.296875 -0.515625
v 0.234375 2.296875 -0.421875
v 0.234375 2.390625 -0.515625
v 0.234375 2.390625 -0.421875
v 0.328125 2.296875 -0.421875
v 0.328125 2.390625 -0.421875
v 0.234375 2.484375 -0.515625
v 0.234375 2.484375 -0.421875
v 0.234375 2.578125 -0.515625
v 0.234375 2.578125 -0.421875
v 0.328125 2.484375 -0.421875
v 0.328125 2.578125 -0.421875
v 0.140625 2.296875 -0.328125
v 0.140625 2.390625 -0.328125
v 0.234375 2.296875 -0.328125
v 0.234375 2.390625 -0.328125
v 0.328125 2.296875 -0.328125
v 0.328125 2.296875 -0.234375
v 0.328125 2.390625 -0.328125
v 0.328125 2.390625 -0.234375
v 0.234375 2.484375 -0.328125
v 0.234375 2.578125 -0.328125
v 0.328125 2.484375 -0.328125
v 0.328125 2.484375 -0.234375
v 0.328125 2.578125 -0.328125
v 0.328125 2.578125 -0.234375
v 0.046875 2.671875 -0.515625
v 0.046875 2.671875 -0.421875
v 0.046875 2.765625 -0.515625
v 0.046875 2.765625 -0.421875
v 0.140625 2.671875 -0.515625
v 0.140625 2.671875 -0.421875
v 0.140625 2.765625 -0.515625
v 0.140625 2.765625 -0.421875
v 0.234375 2.671875 -0.515625
v 0.234375 2.671875 -0.421875
v 0.234375 2.765625 -0.515625
v 0.234375 2.765625 -0.421875
v 0.328125 2.671875 -0.421875
v 0.328125 2.765625 -0.421875
v 0.234375 2.671875 -0.328125
v 0.234375 2.765625 -0.328125
v 0.328125 2.671875 -0.328125
v 0.328125 2.671875 -0.234375
v 0.328125 2.765625 -0.328125
v 0.328125 2.765625 -0.234375
v 0.421875 2.296875 -0.328125
v 0.421875 2.296875 -0.234375
v 0.421875 2.390625 -0.328125
v 0.421875 2.390625 -0.234375
v 0.515625 2.296875 -0.234375
v 0.515625 2.390625 -0.234375
v 0.421875 2.296875 -0.140625
v 0.421875 2.296875 -0.046875
v 0.421875 2.390625 -0.140625
v 0.421875 2.390625 -0.046875
v 0.421875 2.484375 -0.328125
v 0.421875 2.484375 -0.234375
v 0.421875 2.578125 -0.328125
v 0.421875 2.578125 -0.234375
v 0.515625 2.484375 -0.234375
v 0.515625 2.578125 -0.234375
v 0.421875 2.484375 -0.140625
v 0.421875 2.484375 -0.046875
v 0.421875 2.578125 -0.140625
v 0.421875 2.578125 -0.046875
v 0.421875 2.671875 -0.328125
v 0.421875 2.671875 -0.234375
v 0.421875 2.765625 -0.328125
v 0.421875 2.765625 -0.234375
v 0.515625 2.671875 -0.234375
v 0.515625 2.765625 -0.234375
v 0.421875 2.671875 -0.140625
v 0.421875 2.671875 -0.046875
v 0.421875 2.765625 -0.140625
v 0.421875 2.765625 -0.046875
v 0.046875 1.546875 0.140625
v 0.046875 1.640625 0.046875
v 0.046875 1.640625 0.140625
v 0.140625 1.546875 0.046875
v 0.140625 1.546875 0.140625
v 0.140625 1.640625 0.046875
v 0.140625 1.640625 0.140625
v 0.046875 1.640625 0.234375
v 0.140625 1.640625 0.234375
v 0.046875 1.734375 0.140625
v 0.046875 1.828125 0.140625
v 0.140625 1.734375 0.046875
v 0.140625 1.734375 0.140625
v 0.140625 1.828125 0.046875
v 0.140625 1.828125 0.140625
v 0.046875 1.734375 0.234375
v 0.046875 1.734375 0.328125
v 0.046875 1.828125 0.328125
v 0.140625 1.734375 0.234375
v 0.140625 1.734375 0.328125
v 0.140625 1.828125 0.328125
v 0.234375 1.640625 0.046875
v 0.234375 1.640625 0.140625
v 0.234375 1.734375 0.046875
v 0.234375 1.734375 0.140625
v 0.328125 1.734375 0.046875
v 0.328125 1.734375 0.140625
v 0.328125 1.828125 0.046875
v 0.328125 1.828125 0.140625
v 0.234375 1.734375 0.234375
v 0.234375 1.734375 0.328125
v 0.234375 1.828125 0.234375
v 0.234375 1.828125 0.328125
v 0.328125 1.734375 0.234375
v 0.328125 1.828125 0.234375
v 0.046875 1.828125 0.421875
v 0.140625 1.828125 0.421875
v 0.046875 1.921875 0.140625
v 0.140625 1.921875 0.046875
v 0.140625 1.921875 0.140625
v 0.140625 2.015625 0.140625
v 0.046875 1.921875 0.234375
v 0.046875 2.015625 0.234375
v 0.140625 1.921875 0.234375
v 0.140625 1.921875 0.328125
v 0.140625 2.015625 0.234375
v 0.140625 2.109375 0.140625
v 0.046875 2.109375 0.234375
v 0.046875 2.109375 0.328125
v 0.046875 2.203125 0.328125
v 0.140625 2.109375 0.234375
v 0.140625 2.109375 0.328125
v 0.140625 2.203125 0.234375
v 0.140625 2.203125 0.328125
v 0.234375 1.921875 0.046875
v 0.234375 1.921875 0.140625
v 0.234375 2.015625 0.046875
v 0.234375 2.015625 0.140625
v 0.328125 1.921875 0.140625
v 0.234375 1.921875 0.234375
v 0.234375 1.921875 0.328125
v 0.234375 2.015625 0.328125
v 0.328125 1.921875 0.234375
v 0.328125 1.921875 0.328125
v 0.328125 2.015625 0.234375
v 0.328125 2.015625 0.328125
v 0.234375 2.109375 0.046875
v 0.234375 2.109375 0.140625
v 0.234375 2.203125 0.140625
v 0.328125 2.109375 0.046875
v 0.328125 2.109375 0.140625
v 0.328125 2.203125 0.046875
v 0.328125 2.203125 0.140625
v 0.234375 2.109375 0.234375
v 0.234375 2.109375 0.328125
v 0.234375 2.203125 0.234375
v 0.234375 2.203125 0.328125
v 0.328125 2.109375 0.234375
v 0.328125 2.109375 0.328125
v 0.328125 2.203125 0.234375
v 0.328125 2.203125 0.328125
v 0.046875 1.921875 0.421875
v 0.046875 2.015625 0.421875
v 0.140625 1.921875 0.421875
v 0.140625 2.015625 0.421875
v 0.046875 2.109375 0.421875
v 0.046875 2.109375 0.515625
v 0.046875 2.203125 0.421875
v 0.046875 2.203125 0.515625
v 0.140625 2.109375 0.421875
v 0.140625 2.109375 0.515625
v 0.140625 2.203125 0.421875
v 0.140625 2.203125 0.515625
v 0.234375 1.921875 0.421875
v 0.234375 2.015625 0.421875
v 0.234375 2.109375 0.421875
v 0.234375 2.203125 0.421875
v 0.234375 2.203125 0.515625
v 0.328125 2.203125 0.421875
v 0.421875 1.828125 0.046875
v 0.421875 1.828125 0.140625
v 0.421875 1.921875 0.046875
v 0.421875 1.921875 0.140625
v 0.421875 2.015625 0.046875
v 0.421875 2.015625 0.140625
v 0.421875 1.921875 0.234375
v 0.421875 2.015625 0.234375
v 0.421875 2.109375 0.046875
v 0.421875 2.109375 0.140625
v 0.421875 2.203125 0.046875
v 0.421875 2.203125 0.140625
v 0.515625 2.109375 0.046875
v 0.515625 2.109375 0.140625
v 0.515625 2.203125 0.140625
v 0.421875 2.109375 0.234375
v 0.421875 2.203125 0.234375
v 0.421875 2.203125 0.328125
v 0.515625 2.203125 0.234375
v 0.140625 2.296875 0.328125
v 0.140625 2.390625 0.328125
v 0.234375 2.296875 0.328125
v 0.234375 2.390625 0.328125
v 0.328125 2.296875 0.234375
v 0.328125 2.296875 0.328125
v 0.328125 2.390625 0.234375
v 0.328125 2.390625 0.328125
v 0.234375 2.484375 0.328125
v 0.234375 2.578125 0.328125
v 0.328125 2.484375 0.234375
v 0.328125 2.484375 0.328125
v 0.328125 2.578125 0.234375
v 0.328125 2.578125 0.328125
v 0.046875 2.296875 0.421875
v 0.046875 2.296875 0.515625
v 0.046875 2.390625 0.421875
v 0.046875 2.390625 0.515625
v 0.140625 2.296875 0.421875
v 0.140625 2.296875 0.515625
v 0.140625 2.390625 0.421875
v 0.140625 2.390625 0.515625
v 0.046875 2.484375 0.421875
v 0.046875 2.484375 0.515625
v 0.046875 2.578125 0.421875
v 0.046875 2.578125 0.515625
v 0.140625 2.484375 0.421875
v 0.140625 2.484375 0.515625
v 0.140625 2.578125 0.421875
v 0.140625 2.578125 0.515625
v 0.234375 2.296875 0.421875
v 0.234375 2.296875 0.515625
v 0.234375 2.390625 0.421875
v 0.234375 2.390625 0.515625
v 0.328125 2.296875 0.421875
v 0.328125 2.390625 0.421875
v 0.234375 2.484375 0.421875
v 0.234375 2.484375 0.515625
v 0.234375 2.578125 0.421875
v 0.234375 2.578125 0.515625
v 0.328125 2.484375 0.421875
v 0.328125 2.578125 0.421875
v 0.234375 2.671875 0.328125
v 0.234375 2.765625 0.328125
v 0.328125 2.671875 0.234375
v 0.328125 2.671875 0.328125
v 0.328125 2.765625 0.234375
v 0.328125 2.765625 0.328125
v 0.046875 2.671875 0.421875
v 0.046875 2.671875 0.515625
v 0.046875 2.765625 0.421875
v 0.046875 2.765625 0.515625
v 0.140625 2.671875 0.421875
v 0.140625 2.671875 0.515625
v 0.140625 2.765625 0.421875
v 0.140625 2.765625 0.515625
v 0.234375 2.671875 0.421875
v 0.234375 2.671875 0.515625
v 0.234375 2.765625 0.421875
v 0.234375 2.765625 0.515625
v 0.328125 2.671875 0.421875
v 0.328125 2.765625 0.421875
v 0.421875 2.296875 0.046875
v 0.421875 2.296875 0.140625
v 0.421875 2.390625 0.046875
v 0.421875 2.390625 0.140625
v 0.421875 2.296875 0.234375
v 0.421875 2.296875 0.328125
v 0.421875 2.390625 0.234375
v 0.421875 2.390625 0.328125
v 0.515625 2.296875 0.234375
v 0.515625 2.390625 0.234375
v 0.421875 2.484375 0.046875
v 0.421875 2.484375 0.140625
v 0.421875 2.578125 0.046875
v 0.421875 2.578125 0.140625
v 0.421875 2.484375 0.234375
v 0.421875 2.484375 0.328125
v 0.421875 2.578125 0.234375
v 0.421875 2.578125 0.328125
v 0.515625 2.484375 0.234375
v 0.515625 2.578125 0.234375
v 0.421875 2.671875 0.046875
v 0.421875 2.671875 0.140625
v 0.421875 2.765625 0.046875
v 0.421875 2.765625 0.140625
v 0.421875 2.671875 0.234375
v 0.421875 2.671875 0.328125
v 0.421875 2.765625 0.234375
v 0.421875 2.765625 0.328125
v 0.515625 2.671875 0.234375
v 0.515625 2.765625 0.234375
vn -1.0000 -0.0000 -0.0000
vn -0.0000 -0.0000 -1.0000
vn 1.0000 -0.0000 -0.0000
vn -0.0000 -0.0000 1.0000
vn -0.0000 -1.0000 -0.0000
vn -0.0000 1.0000 -0.0000
s 0
usemtl Glass
f 3//1 4//1 6//1 5//1
f 1//2 2//2 6//2 4//2
f 9//3 10//3 8//3 7//3
f 6//3 9//3 7//3 4//3
f 13//1 14//1 16//1 15//1
f 11//2 12//2 16//2 14//2
f 19//3 20//3 18//3 17//3
f 23//1 24//1 26//1 25//1
f 21//2 22//2 26//2 24//2
f 29//3 30//3 28//3 27//3
f 15//1 16//1 24//1 23//1
f 12//2 21//2 24//2 16//2
f 27//3 28//3 20//3 19//3
f 16//3 19//3 17//3 14//3
f 26//3 29//3 27//3 24//3
f 24//3 27//3 19//3 16//3
f 33//1 34//1 36//1 35//1
f 31//2 32//2 36//2 34//2
f 37//2 39//2 43//2 41//2
f 42//4 44//4 40//4 38//4
f 33//2 35//2 39//2 37//2
f 38//4 40//4 36//4 34//4
f 47//3 48//3 46//3 45//3
f 49//4 50//4 47//4 45//4
f 53//1 54//1 56//1 55//1
f 51//2 52//2 56//2 54//2
f 59//1 60//1 62//1 61//1
f 57//2 58//2 62//2 60//2
f 63//2 65//2 69//2 67//2
f 68//4 70//4 66//4 64//4
f 71//2 73//2 77//2 75//2
f 76//4 78//4 74//4 72//4
f 53//2 55//2 65//2 63//2
f 64//4 66//4 56//4 54//4
f 59//2 61//2 73//2 71//2
f 55//1 56//1 60//1 59//1
f 52//2 57//2 60//2 56//2
f 65//2 71//2 75//2 69//2
f 70//4 76//4 72//4 66//4
f 55//2 59//2 71//2 65//2
f 66//4 72//4 60//4 56//4
f 81//3 82//3 80//3 79//3
f 83//4 84//4 81//4 79//4
f 87//3 88//3 86//3 85//3
f 89//4 90//4 87//4 85//4
f 91//4 92//4 90//4 89//4
f 85//3 86//3 82//3 81//3
f 84//4 89//4 85//4 81//4
f 3//2 5//2 47//2 45//2
f 46//4 48//4 6//4 4//4
f 13//2 15//2 81//2 79//2
f 80//4 82//4 16//4 14//4
f 23//2 25//2 87//2 85//2
f 86//4 88//4 26//4 24//4
f 15//2 23//2 85//2 81//2
f 82//4 86//4 24//4 16//4
f 35//1 36//1 54//1 53//1
f 32//2 51//2 54//2 36//2
f 39//2 63//2 67//2 43//2
f 44//4 68//4 64//4 40//4
f 35//2 53//2 63//2 39//2
f 40//4 64//4 54//4 36//4
f 5//1 6//1 14//1 13//1
f 2//2 11//2 14//2 6//2
f 17//3 18//3 10//3 9//3
f 14//3 17//3 9//3 6//3
f 79//3 80//3 48//3 47//3
f 50//4 83//4 79//4 47//4
f 31//1 45//1 47//1 32//1
f 36//3 50//3 49//3 34//3
f 51//1 79//1 81//1 52//1
f 56//3 84//3 83//3 54//3
f 57//1 85//1 87//1 58//1
f 74//3 92//3 91//3 72//3
f 52//1 81//1 85//1 57//1
f 60//3 89//3 84//3 56//3
f 60//5 72//5 91//5 89//5
f 32//1 47//1 79//1 51//1
f 54//3 83//3 50//3 36//3
f 5//2 13//2 79//2 47//2
f 48//4 80//4 14//4 6//4
f 99//6 103//6 102//6 98//6
f 97//2 98//2 102//2 100//2
f 106//1 107//1 109//1 108//1
f 102//1 103//1 107//1 106//1
f 95//1 100//1 102//1 96//1
f 97//6 100//6 95//6 93//6
f 104//1 106//1 108//1 105//1
f 96//1 102//1 106//1 104//1
f 118//1 119//1 121//1 120//1
f 118//2 120//2 124//2 122//2
f 126//6 129//6 128//6 125//6
f 126//2 127//2 130//2 129//2
f 114//6 119//6 118//6 113//6
f 114//2 115//2 121//2 119//2
f 116//2 117//2 127//2 126//2
f 120//1 121//1 126//1 125//1
f 120//2 125//2 128//2 124//2
f 115//2 116//2 126//2 121//2
f 131//1 132//1 134//1 133//1
f 131//5 135//5 136//5 132//5
f 131//2 133//2 137//2 135//2
f 141//3 142//3 140//3 139//3
f 141//5 144//5 145//5 142//5
f 143//4 144//4 141//4 139//4
f 146//1 147//1 149//1 148//1
f 149//6 152//6 151//6 148//6
f 146//2 148//2 151//2 150//2
f 156//3 157//3 155//3 154//3
f 160//3 161//3 159//3 158//3
f 160//5 163//5 164//5 161//5
f 162//4 163//4 160//4 158//4
f 169//4 170//4 168//4 166//4
f 135//5 158//5 159//5 136//5
f 159//4 161//4 138//4 136//4
f 156//5 172//5 173//5 157//5
f 171//4 172//4 156//4 154//4
f 133//1 134//1 147//1 146//1
f 133//2 146//2 150//2 137//2
f 164//4 169//4 166//4 161//4
f 154//3 155//3 145//3 144//3
f 138//3 144//3 143//3 136//3
f 132//5 136//5 143//5 139//5
f 168//3 172//3 171//3 166//3
f 168//5 170//5 174//5 172//5
f 166//3 171//3 165//3 161//3
f 138//5 161//5 165//5 144//5
f 165//4 171//4 154//4 144//4
f 179//1 180//1 182//1 181//1
f 177//2 178//2 182//2 180//2
f 183//1 184//1 186//1 185//1
f 186//6 188//6 187//6 185//6
f 193//6 196//6 195//6 192//6
f 191//2 192//2 195//2 194//2
f 199//3 200//3 198//3 197//3
f 199//5 202//5 203//5 200//5
f 201//4 202//4 199//4 197//4
f 206//1 207//1 209//1 208//1
f 206//2 208//2 211//2 210//2
f 182//6 193//6 192//6 181//6
f 179//2 181//2 192//2 191//2
f 190//6 207//6 206//6 189//6
f 193//2 204//2 205//2 196//2
f 187//1 188//1 190//1 189//1
f 177//1 183//1 185//1 178//1
f 185//6 187//6 182//6 178//6
f 206//6 210//6 205//6 204//6
f 193//1 199//1 206//1 204//1
f 187//6 199//6 193//6 182//6
f 187//2 189//2 206//2 199//2
f 95//6 132//6 131//6 94//6
f 95//2 96//2 134//2 132//2
f 100//5 139//5 140//5 101//5
f 104//2 105//2 149//2 147//2
f 95//5 132//5 139//5 100//5
f 108//6 153//6 149//6 105//6
f 96//2 104//2 147//2 134//2
f 111//6 184//6 183//6 110//6
f 127//2 175//2 176//2 130//2
f 108//1 109//1 111//1 110//1
f 151//1 152//1 180//1 179//1
f 149//2 177//2 180//2 152//2
f 197//3 198//3 173//3 172//3
f 174//4 201//4 197//4 172//4
f 149//1 153//1 183//1 177//1
f 151//2 179//2 191//2 167//2
f 114//1 135//1 137//1 115//1
f 131//6 135//6 114//6 112//6
f 116//1 150//1 151//1 117//1
f 119//5 123//5 162//5 158//5
f 115//1 137//1 150//1 116//1
f 151//6 167//6 127//6 117//6
f 191//6 194//6 176//6 175//6
f 127//1 167//1 191//1 175//1
f 108//2 110//2 183//2 153//2
f 61//1 62//1 114//1 113//1
f 58//2 112//2 114//2 62//2
f 73//2 118//2 122//2 77//2
f 78//4 123//4 119//4 74//4
f 61//2 113//2 118//2 73//2
f 25//1 26//1 95//1 94//1
f 22//2 93//2 95//2 26//2
f 100//3 101//3 30//3 29//3
f 95//3 100//3 29//3 26//3
f 131//3 132//3 88//3 87//3
f 90//4 135//4 131//4 87//4
f 92//4 158//4 135//4 90//4
f 58//1 87//1 131//1 112//1
f 119//3 158//3 92//3 74//3
f 25//2 94//2 131//2 87//2
f 88//4 132//4 95//4 26//4
f 214//3 215//3 213//3 212//3
f 218//1 219//1 221//1 220//1
f 218//4 220//4 217//4 216//4
f 215//3 220//3 218//3 213//3
f 224//3 225//3 223//3 222//3
f 228//1 229//1 231//1 230//1
f 228//4 230//4 227//4 226//4
f 234//3 235//3 233//3 232//3
f 238//1 239//1 241//1 240//1
f 238//4 240//4 237//4 236//4
f 232//3 233//3 225//3 224//3
f 230//1 231//1 239//1 238//1
f 230//4 238//4 236//4 227//4
f 225//3 230//3 228//3 223//3
f 235//3 240//3 238//3 233//3
f 233//3 238//3 230//3 225//3
f 244//3 245//3 243//3 242//3
f 243//2 245//2 247//2 246//2
f 250//1 251//1 253//1 252//1
f 250//4 252//4 249//4 248//4
f 254//2 256//2 260//2 258//2
f 259//4 261//4 257//4 255//4
f 250//2 252//2 256//2 254//2
f 255//4 257//4 253//4 251//4
f 264//3 265//3 263//3 262//3
f 263//2 265//2 267//2 266//2
f 270//3 271//3 269//3 268//3
f 269//2 271//2 273//2 272//2
f 272//2 273//2 275//2 274//2
f 268//3 269//3 265//3 264//3
f 265//2 269//2 272//2 267//2
f 278//1 279//1 281//1 280//1
f 278//4 280//4 277//4 276//4
f 284//1 285//1 287//1 286//1
f 284//4 286//4 283//4 282//4
f 288//2 290//2 294//2 292//2
f 293//4 295//4 291//4 289//4
f 296//2 298//2 302//2 300//2
f 301//4 303//4 299//4 297//4
f 278//2 280//2 290//2 288//2
f 289//4 291//4 281//4 279//4
f 297//4 299//4 287//4 285//4
f 280//1 281//1 285//1 284//1
f 280//4 284//4 282//4 277//4
f 290//2 296//2 300//2 294//2
f 295//4 301//4 297//4 291//4
f 280//2 284//2 296//2 290//2
f 291//4 297//4 285//4 281//4
f 218//2 220//2 244//2 242//2
f 243//4 245//4 221//4 219//4
f 228//2 230//2 264//2 262//2
f 263//4 265//4 231//4 229//4
f 238//2 240//2 270//2 268//2
f 269//4 271//4 241//4 239//4
f 230//2 238//2 268//2 264//2
f 265//4 269//4 239//4 231//4
f 222//3 223//3 215//3 214//3
f 220//1 221//1 229//1 228//1
f 220//4 228//4 226//4 217//4
f 223//3 228//3 220//3 215//3
f 262//3 263//3 245//3 244//3
f 245//2 263//2 266//2 247//2
f 252//1 253//1 279//1 278//1
f 252//4 278//4 276//4 249//4
f 256//2 288//2 292//2 260//2
f 261//4 293//4 289//4 257//4
f 252//2 278//2 288//2 256//2
f 257//4 289//4 279//4 253//4
f 243//1 248//1 249//1 245//1
f 247//3 252//3 250//3 246//3
f 263//1 276//1 277//1 265//1
f 267//3 280//3 278//3 266//3
f 269//1 282//1 283//1 271//1
f 275//3 298//3 296//3 274//3
f 265//1 277//1 282//1 269//1
f 272//3 284//3 280//3 267//3
f 272//5 274//5 296//5 284//5
f 245//1 249//1 276//1 263//1
f 266//3 278//3 252//3 247//3
f 220//2 228//2 262//2 244//2
f 245//4 263//4 229//4 221//4
f 306//6 310//6 309//6 305//6
f 308//4 310//4 306//4 304//4
f 315//1 316//1 318//1 317//1
f 309//1 310//1 316//1 315//1
f 308//1 312//1 314//1 310//1
f 311//6 312//6 308//6 304//6
f 316//1 319//1 320//1 318//1
f 310//1 314//1 319//1 316//1
f 325//3 326//3 324//3 323//3
f 325//5 328//5 329//5 326//5
f 324//2 326//2 329//2 327//2
f 330//1 331//1 333//1 332//1
f 330//5 334//5 335//5 331//5
f 335//4 337//4 333//4 331//4
f 341//3 342//3 340//3 339//3
f 343//1 344//1 346//1 345//1
f 346//6 349//6 348//6 345//6
f 347//4 349//4 346//4 344//4
f 353//3 354//3 352//3 351//3
f 353//5 356//5 357//5 354//5
f 352//2 354//2 357//2 355//2
f 362//2 363//2 366//2 365//2
f 334//5 351//5 352//5 335//5
f 334//2 336//2 353//2 351//2
f 341//5 359//5 360//5 342//5
f 340//2 342//2 360//2 358//2
f 339//3 340//3 329//3 328//3
f 332//1 333//1 344//1 343//1
f 337//4 347//4 344//4 333//4
f 353//2 362//2 365//2 356//2
f 329//3 336//3 334//3 327//3
f 324//5 327//5 334//5 330//5
f 360//3 363//3 362//3 358//3
f 360//5 361//5 366//5 363//5
f 358//3 362//3 353//3 350//3
f 329//5 350//5 353//5 336//5
f 329//2 340//2 358//2 350//2
f 373//1 374//1 376//1 375//1
f 378//4 379//4 376//4 374//4
f 381//6 384//6 383//6 380//6
f 383//4 385//4 382//4 380//4
f 369//6 374//6 373//6 368//6
f 373//4 375//4 370//4 368//4
f 380//4 382//4 372//4 371//4
f 375//1 376//1 381//1 380//1
f 379//4 384//4 381//4 376//4
f 375//4 380//4 371//4 370//4
f 386//1 387//1 389//1 388//1
f 389//6 391//6 390//6 388//6
f 394//1 395//1 397//1 396//1
f 394//4 396//4 393//4 392//4
f 402//3 403//3 401//3 400//3
f 402//5 405//5 406//5 403//5
f 401//2 403//2 406//2 404//2
f 409//6 412//6 411//6 408//6
f 410//4 412//4 409//4 407//4
f 413//1 414//1 416//1 415//1
f 417//4 418//4 416//4 414//4
f 397//6 409//6 408//6 396//6
f 407//4 409//4 397//4 395//4
f 399//6 414//6 413//6 398//6
f 390//1 391//1 399//1 398//1
f 411//4 420//4 419//4 408//4
f 387//1 392//1 393//1 389//1
f 393//6 396//6 391//6 389//6
f 419//6 420//6 417//6 414//6
f 403//1 408//1 419//1 414//1
f 396//6 408//6 403//6 391//6
f 403//4 414//4 399//4 391//4
f 307//5 323//5 324//5 308//5
f 313//6 331//6 330//6 312//6
f 330//4 332//4 314//4 312//4
f 343//4 345//4 320//4 319//4
f 308//5 324//5 330//5 312//5
f 320//6 345//6 338//6 318//6
f 332//4 343//4 319//4 314//4
f 322//6 387//6 386//6 321//6
f 317//1 318//1 322//1 321//1
f 400//3 401//3 360//3 359//3
f 360//2 401//2 404//2 361//2
f 348//1 349//1 395//1 394//1
f 348//4 394//4 392//4 345//4
f 338//1 345//1 392//1 387//1
f 364//4 407//4 395//4 349//4
f 385//4 422//4 421//4 382//4
f 335//1 368//1 370//1 337//1
f 367//6 368//6 335//6 331//6
f 347//1 371//1 372//1 349//1
f 352//5 355//5 377//5 373//5
f 337//1 370//1 371//1 347//1
f 372//6 382//6 364//6 349//6
f 421//6 422//6 410//6 407//6
f 364//1 382//1 421//1 407//1
f 338//4 387//4 322//4 318//4
f 307//3 308//3 235//3 234//3
f 240//1 241//1 313//1 312//1
f 240//4 312//4 311//4 237//4
f 308//3 312//3 240//3 235//3
f 330//3 331//3 271//3 270//3
f 271//2 331//2 335//2 273//2
f 273//2 335//2 352//2 275//2
f 286//1 287//1 369//1 368//1
f 286//4 368//4 367//4 283//4
f 298//2 373//2 377//2 302//2
f 303//4 378//4 374//4 299//4
f 299//4 374//4 369//4 287//4
f 271//1 283//1 367//1 331//1
f 352//3 373//3 298//3 275//3
f 240//2 312//2 330//2 270//2
f 271//4 331//4 313//4 241//4
f 427//1 428//1 430//1 429//1
f 435//5 438//5 439//5 436//5
f 435//2 437//2 440//2 438//2
f 429//1 430//1 439//1 438//1
f 425//1 427//1 429//1 426//1
f 432//1 438//1 440//1 434//1
f 431//5 434//5 440//5 437//5
f 426//1 429//1 438//1 432//1
f 448//1 449//1 451//1 450//1
f 446//2 447//2 451//2 449//2
f 452//1 453//1 455//1 454//1
f 452//5 456//5 457//5 453//5
f 460//1 461//1 463//1 462//1
f 463//6 466//6 465//6 462//6
f 460//2 462//2 465//2 464//2
f 467//5 470//5 471//5 468//5
f 467//2 469//2 472//2 470//2
f 475//3 476//3 474//3 473//3
f 477//4 478//4 475//4 473//4
f 444//5 462//5 463//5 445//5
f 448//5 467//5 468//5 449//5
f 448//2 450//2 469//2 467//2
f 458//2 468//2 471//2 459//2
f 444//1 445//1 457//1 456//1
f 473//3 474//3 463//3 462//3
f 465//4 477//4 473//4 462//4
f 446//1 452//1 454//1 447//1
f 446//5 449//5 456//5 452//5
f 458//5 459//5 465//5 462//5
f 458//1 462//1 473//1 468//1
f 449//5 468//5 473//5 456//5
f 444//2 456//2 473//2 462//2
f 485//2 486//2 488//2 487//2
f 489//1 490//1 492//1 491//1
f 489//5 493//5 494//5 490//5
f 489//2 491//2 495//2 493//2
f 479//2 480//2 486//2 485//2
f 483//5 491//5 492//5 484//5
f 482//2 484//2 492//2 490//2
f 486//2 490//2 494//2 488//2
f 480//2 482//2 490//2 486//2
f 497//1 498//1 500//1 499//1
f 497//5 501//5 502//5 498//5
f 497//2 499//2 503//2 501//2
f 507//3 508//3 506//3 505//3
f 509//1 510//1 512//1 511//1
f 512//6 516//6 515//6 511//6
f 509//2 511//2 515//2 513//2
f 519//3 520//3 518//3 517//3
f 518//6 522//6 521//6 517//6
f 521//4 523//4 519//4 517//4
f 527//4 528//4 526//4 525//4
f 535//3 536//3 534//3 533//3
f 534//6 538//6 537//6 533//6
f 537//4 539//4 535//4 533//4
f 506//6 530//6 529//6 505//6
f 529//4 531//4 507//4 505//4
f 516//6 536//6 535//6 515//6
f 534//4 536//4 516//4 514//4
f 499//1 500//1 510//1 509//1
f 499//2 509//2 513//2 503//2
f 528//4 538//4 534//4 526//4
f 521//3 522//3 508//3 507//3
f 516//3 523//3 521//3 514//3
f 519//6 523//6 516//6 512//6
f 526//3 531//3 529//3 525//3
f 529//6 532//6 527//6 525//6
f 534//3 540//3 531//3 526//3
f 521//6 540//6 534//6 514//6
f 531//4 540//4 521//4 507//4
f 423//5 454//5 455//5 424//5
f 425//2 426//2 500//2 498//2
f 433//5 511//5 512//5 434//5
f 432//2 434//2 512//2 510//2
f 441//6 520//6 519//6 440//6
f 425//5 498//5 504//5 427//5
f 440//6 519//6 512//6 434//6
f 426//2 432//2 510//2 500//2
f 442//2 485//2 487//2 443//2
f 423//1 424//1 428//1 427//1
f 450//1 451//1 502//1 501//1
f 447//2 498//2 502//2 451//2
f 529//3 530//3 476//3 475//3
f 478//4 532//4 529//4 475//4
f 447//1 454//1 504//1 498//1
f 450//2 501//2 524//2 469//2
f 442//5 443//5 472//5 469//5
f 479//1 501//1 503//1 480//1
f 482//1 513//1 515//1 484//1
f 481//5 484//5 515//5 511//5
f 535//6 539//6 496//6 492//6
f 480//1 503//1 513//1 482//1
f 479//5 485//5 524//5 501//5
f 442//1 469//1 524//1 485//1
f 423//2 427//2 504//2 454//2
f 543//1 544//1 546//1 545//1
f 541//2 542//2 546//2 544//2
f 549//3 550//3 548//3 547//3
f 553//1 554//1 556//1 555//1
f 551//2 552//2 556//2 554//2
f 559//3 560//3 558//3 557//3
f 545//1 546//1 554//1 553//1
f 542//2 551//2 554//2 546//2
f 557//3 558//3 550//3 549//3
f 546//3 549//3 547//3 544//3
f 556//3 559//3 557//3 554//3
f 554//3 557//3 549//3 546//3
f 563//1 564//1 566//1 565//1
f 561//2 562//2 566//2 564//2
f 569//3 570//3 568//3 567//3
f 566//3 569//3 567//3 564//3
f 573//1 574//1 576//1 575//1
f 571//2 572//2 576//2 574//2
f 579//1 580//1 582//1 581//1
f 577//2 578//2 582//2 580//2
f 583//2 585//2 589//2 587//2
f 588//4 590//4 586//4 584//4
f 591//2 593//2 597//2 595//2
f 596//4 598//4 594//4 592//4
f 573//2 575//2 585//2 583//2
f 579//2 581//2 593//2 591//2
f 592//4 594//4 582//4 580//4
f 575//1 576//1 580//1 579//1
f 572//2 577//2 580//2 576//2
f 585//2 591//2 595//2 589//2
f 590//4 596//4 592//4 586//4
f 575//2 579//2 591//2 585//2
f 586//4 592//4 580//4 576//4
f 601//3 602//3 600//3 599//3
f 603//4 604//4 601//4 599//4
f 607//3 608//3 606//3 605//3
f 609//4 610//4 607//4 605//4
f 611//4 612//4 604//4 603//4
f 605//3 606//3 602//3 601//3
f 604//4 609//4 605//4 601//4
f 615//1 616//1 618//1 617//1
f 613//2 614//2 618//2 616//2
f 619//2 621//2 625//2 623//2
f 624//4 626//4 622//4 620//4
f 615//2 617//2 621//2 619//2
f 620//4 622//4 618//4 616//4
f 629//3 630//3 628//3 627//3
f 631//4 632//4 629//4 627//4
f 543//2 545//2 601//2 599//2
f 600//4 602//4 546//4 544//4
f 553//2 555//2 607//2 605//2
f 606//4 608//4 556//4 554//4
f 545//2 553//2 605//2 601//2
f 602//4 606//4 554//4 546//4
f 563//2 565//2 629//2 627//2
f 628//4 630//4 566//4 564//4
f 581//1 582//1 616//1 615//1
f 578//2 613//2 616//2 582//2
f 593//2 619//2 623//2 597//2
f 598//4 624//4 620//4 594//4
f 581//2 615//2 619//2 593//2
f 594//4 620//4 616//4 582//4
f 555//1 556//1 564//1 563//1
f 552//2 561//2 564//2 556//2
f 567//3 568//3 560//3 559//3
f 564//3 567//3 559//3 556//3
f 627//3 628//3 608//3 607//3
f 610//4 631//4 627//4 607//4
f 571//1 599//1 601//1 572//1
f 577//1 605//1 607//1 578//1
f 582//3 610//3 609//3 580//3
f 586//3 612//3 611//3 584//3
f 572//1 601//1 605//1 577//1
f 580//3 609//3 604//3 576//3
f 604//6 612//6 586//6 576//6
f 613//1 627//1 629//1 614//1
f 618//3 632//3 631//3 616//3
f 578//1 607//1 627//1 613//1
f 616//3 631//3 610//3 582//3
f 555//2 563//2 627//2 607//2
f 608//4 628//4 564//4 556//4
f 483//1 484//1 574//1 573//1
f 481//2 571//2 574//2 484//2
f 491//2 583//2 587//2 495//2
f 496//4 588//4 584//4 492//4
f 483//2 573//2 583//2 491//2
f 433//1 434//1 544//1 543//1
f 431//2 541//2 544//2 434//2
f 547//3 548//3 441//3 440//3
f 544//3 547//3 440//3 434//3
f 599//3 600//3 512//3 511//3
f 515//4 603//4 599//4 511//4
f 535//4 611//4 603//4 515//4
f 481//1 511//1 599//1 571//1
f 584//3 611//3 535//3 492//3
f 433//2 543//2 599//2 511//2
f 512//4 600//4 544//4 434//4
f 635//1 636//1 638//1 637//1
f 641//5 644//5 645//5 642//5
f 645//4 647//4 643//4 642//4
f 637//1 638//1 645//1 644//1
f 636//1 639//1 640//1 638//1
f 645//1 649//1 650//1 647//1
f 643//5 647//5 650//5 648//5
f 638//1 640//1 649//1 645//1
f 654//1 655//1 657//1 656//1
f 654//5 658//5 659//5 655//5
f 662//1 663//1 665//1 664//1
f 662//4 664//4 661//4 660//4
f 666//1 667//1 669//1 668//1
f 669//6 672//6 671//6 668//6
f 670//4 672//4 669//4 667//4
f 677//3 678//3 676//3 675//3
f 676//2 678//2 680//2 679//2
f 681//5 684//5 685//5 682//5
f 685//4 686//4 683//4 682//4
f 652//5 668//5 669//5 653//5
f 662//5 681//5 682//5 663//5
f 682//4 683//4 665//4 663//4
f 652//1 653//1 659//1 658//1
f 675//3 676//3 669//3 668//3
f 669//2 676//2 679//2 672//2
f 674//4 684//4 681//4 673//4
f 655//1 660//1 661//1 657//1
f 655//5 659//5 662//5 660//5
f 669//5 672//5 674//5 673//5
f 669//1 673//1 681//1 676//1
f 659//5 676//5 681//5 662//5
f 669//4 676//4 659//4 653//4
f 692//3 693//3 691//3 690//3
f 694//1 695//1 697//1 696//1
f 694//5 698//5 699//5 695//5
f 699//4 700//4 697//4 695//4
f 703//3 704//3 702//3 701//3
f 702//6 706//6 705//6 701//6
f 702//2 704//2 707//2 706//2
f 708//1 709//1 711//1 710//1
f 711//6 715//6 714//6 710//6
f 713//4 715//4 711//4 709//4
f 720//2 722//2 724//2 723//2
f 728//3 729//3 727//3 726//3
f 727//6 731//6 730//6 726//6
f 727//2 729//2 732//2 731//2
f 691//6 717//6 716//6 690//6
f 691//2 693//2 718//2 717//2
f 715//6 729//6 728//6 714//6
f 712//2 714//2 728//2 726//2
f 705//3 706//3 693//3 692//3
f 696//1 697//1 709//1 708//1
f 700//4 713//4 709//4 697//4
f 722//2 726//2 730//2 724//2
f 707//3 714//3 712//3 706//3
f 710//6 714//6 707//6 704//6
f 718//3 722//3 720//3 717//3
f 720//6 723//6 719//6 717//6
f 725//3 726//3 722//3 718//3
f 712//6 726//6 725//6 706//6
f 693//2 706//2 725//2 718//2
f 741//4 742//4 740//4 739//4
f 743//1 744//1 746//1 745//1
f 743//5 747//5 748//5 744//5
f 748//4 750//4 746//4 744//4
f 739//4 740//4 734//4 733//4
f 737//5 745//5 746//5 738//5
f 743//4 745//4 737//4 736//4
f 742//4 747//4 743//4 740//4
f 740//4 743//4 736//4 734//4
f 633//5 656//5 657//5 634//5
f 694//4 696//4 640//4 639//4
f 647//6 704//6 703//6 646//6
f 650//5 710//5 711//5 651//5
f 708//4 710//4 650//4 649//4
f 636//5 689//5 694//5 639//5
f 650//6 710//6 704//6 647//6
f 696//4 708//4 649//4 640//4
f 633//1 634//1 636//1 635//1
f 716//3 717//3 678//3 677//3
f 678//2 717//2 719//2 680//2
f 664//1 665//1 699//1 698//1
f 664//4 698//4 694//4 661//4
f 657//1 661//1 694//1 689//1
f 683//4 721//4 699//4 665//4
f 688//4 741//4 739//4 687//4
f 683//5 686//5 688//5 687//5
f 699//1 733//1 734//1 700//1
f 713//1 736//1 737//1 715//1
f 711//5 715//5 737//5 735//5
f 745//6 749//6 732//6 729//6
f 700//1 734//1 736//1 713//1
f 699//5 721//5 739//5 733//5
f 683//1 687//1 739//1 721//1
f 657//4 689//4 636//4 634//4
f 753//3 754//3 752//3 751//3
f 757//1 758//1 760//1 759//1
f 757//4 759//4 756//4 755//4
f 763//3 764//3 762//3 761//3
f 767//1 768//1 770//1 769//1
f 767//4 769//4 766//4 765//4
f 761//3 762//3 754//3 753//3
f 759//1 760//1 768//1 767//1
f 759//4 767//4 765//4 756//4
f 754//3 759//3 757//3 752//3
f 764//3 769//3 767//3 762//3
f 762//3 767//3 759//3 754//3
f 773//3 774//3 772//3 771//3
f 777//1 778//1 780//1 779//1
f 777//4 779//4 776//4 775//4
f 774//3 779//3 777//3 772//3
f 783//3 784//3 782//3 781//3
f 782//2 784//2 786//2 785//2
f 789//3 790//3 788//3 787//3
f 788//2 790//2 792//2 791//2
f 785//2 786//2 794//2 793//2
f 787//3 788//3 784//3 783//3
f 784//2 788//2 791//2 786//2
f 797//1 798//1 800//1 799//1
f 797//4 799//4 796//4 795//4
f 803//1 804//1 806//1 805//1
f 803//4 805//4 802//4 801//4
f 807//2 809//2 813//2 811//2
f 812//4 814//4 810//4 808//4
f 815//2 817//2 821//2 819//2
f 820//4 822//4 818//4 816//4
f 808//4 810//4 800//4 798//4
f 803//2 805//2 817//2 815//2
f 816//4 818//4 806//4 804//4
f 799//1 800//1 804//1 803//1
f 799//4 803//4 801//4 796//4
f 809//2 815//2 819//2 813//2
f 814//4 820//4 816//4 810//4
f 799//2 803//2 815//2 809//2
f 810//4 816//4 804//4 800//4
f 825//3 826//3 824//3 823//3
f 824//2 826//2 828//2 827//2
f 831//1 832//1 834//1 833//1
f 831//4 833//4 830//4 829//4
f 835//2 837//2 841//2 839//2
f 840//4 842//4 838//4 836//4
f 831//2 833//2 837//2 835//2
f 836//4 838//4 834//4 832//4
f 757//2 759//2 783//2 781//2
f 782//4 784//4 760//4 758//4
f 767//2 769//2 789//2 787//2
f 788//4 790//4 770//4 768//4
f 759//2 767//2 787//2 783//2
f 784//4 788//4 768//4 760//4
f 777//2 779//2 825//2 823//2
f 824//4 826//4 780//4 778//4
f 771//3 772//3 764//3 763//3
f 769//1 770//1 778//1 777//1
f 769//4 777//4 775//4 766//4
f 772//3 777//3 769//3 764//3
f 823//3 824//3 790//3 789//3
f 790//2 824//2 827//2 792//2
f 805//1 806//1 832//1 831//1
f 805//4 831//4 829//4 802//4
f 817//2 835//2 839//2 821//2
f 822//4 840//4 836//4 818//4
f 805//2 831//2 835//2 817//2
f 818//4 836//4 832//4 806//4
f 782//1 795//1 796//1 784//1
f 788//1 801//1 802//1 790//1
f 792//3 805//3 803//3 791//3
f 794//3 809//3 807//3 793//3
f 784//1 796//1 801//1 788//1
f 791//3 803//3 799//3 786//3
f 799//6 809//6 794//6 786//6
f 824//1 829//1 830//1 826//1
f 828//3 833//3 831//3 827//3
f 790//1 802//1 829//1 824//1
f 827//3 831//3 805//3 792//3
f 769//2 777//2 823//2 789//2
f 790//4 824//4 778//4 770//4
f 751//3 752//3 647//3 646//3
f 650//1 651//1 758//1 757//1
f 650//4 757//4 755//4 648//4
f 752//3 757//3 650//3 647//3
f 781//3 782//3 711//3 710//3
f 711//2 782//2 785//2 715//2
f 715//2 785//2 793//2 729//2
f 737//1 738//1 798//1 797//1
f 737//4 797//4 795//4 735//4
f 745//2 807//2 811//2 749//2
f 750//4 812//4 808//4 746//4
f 746//4 808//4 798//4 738//4
f 711//1 735//1 795//1 782//1
f 793//3 807//3 745//3 729//3
f 650//2 757//2 781//2 710//2
f 711//4 782//4 758//4 651//4
f 843//2 845//2 849//2 847//2
f 848//4 850//4 846//4 844//4
f 853//3 854//3 852//3 851//3
f 852//2 854//2 856//2 855//2
f 847//2 849//2 853//2 851//2
f 852//4 854//4 850//4 848//4
f 859//1 860//1 862//1 861//1
f 859//4 861//4 858//4 857//4
f 863//2 865//2 869//2 867//2
f 868//4 870//4 866//4 864//4
f 871//2 873//2 877//2 875//2
f 876//4 878//4 874//4 872//4
f 881//3 882//3 880//3 879//3
f 880//2 882//2 884//2 883//2
f 887//3 888//3 886//3 885//3
f 886//2 888//2 890//2 889//2
f 867//2 869//2 881//2 879//2
f 880//4 882//4 870//4 868//4
f 875//2 877//2 887//2 885//2
f 865//2 871//2 875//2 869//2
f 870//4 876//4 872//4 866//4
f 885//3 886//3 882//3 881//3
f 882//2 886//2 889//2 884//2
f 869//2 875//2 885//2 881//2
f 882//4 886//4 876//4 870//4
f 895//1 896//1 898//1 897//1
f 895//4 897//4 894//4 893//4
f 901//1 902//1 904//1 903//1
f 901//4 903//4 900//4 899//4
f 899//4 900//4 892//4 891//4
f 897//1 898//1 902//1 901//1
f 897//4 901//4 899//4 894//4
f 907//3 908//3 906//3 905//3
f 906//2 908//2 910//2 909//2
f 911//1 912//1 914//1 913//1
f 906//1 911//1 913//1 908//1
f 917//3 918//3 916//3 915//3
f 916//2 918//2 920//2 919//2
f 921//1 922//1 924//1 923//1
f 927//3 928//3 926//3 925//3
f 926//2 928//2 930//2 929//2
f 931//1 932//1 934//1 933//1
f 925//3 926//3 918//3 917//3
f 918//2 926//2 929//2 920//2
f 923//1 924//1 932//1 931//1
f 916//1 921//1 923//1 918//1
f 926//1 931//1 933//1 928//1
f 918//1 923//1 931//1 926//1
f 859//2 861//2 907//2 905//2
f 906//4 908//4 862//4 860//4
f 895//2 897//2 917//2 915//2
f 916//4 918//4 898//4 896//4
f 901//2 903//2 927//2 925//2
f 926//4 928//4 904//4 902//4
f 897//2 901//2 925//2 917//2
f 918//4 926//4 902//4 898//4
f 845//2 863//2 867//2 849//2
f 850//4 868//4 864//4 846//4
f 879//3 880//3 854//3 853//3
f 854//2 880//2 883//2 856//2
f 849//2 867//2 879//2 853//2
f 854//4 880//4 868//4 850//4
f 861//1 862//1 896//1 895//1
f 861//4 895//4 893//4 858//4
f 915//3 916//3 908//3 907//3
f 908//2 916//2 919//2 910//2
f 913//1 914//1 922//1 921//1
f 908//1 913//1 921//1 916//1
f 852//1 857//1 858//1 854//1
f 856//3 861//3 859//3 855//3
f 876//1 891//1 892//1 878//1
f 880//1 893//1 894//1 882//1
f 884//3 897//3 895//3 883//3
f 890//3 903//3 901//3 889//3
f 882//1 894//1 899//1 886//1
f 889//3 901//3 897//3 884//3
f 876//5 886//5 899//5 891//5
f 854//1 858//1 893//1 880//1
f 883//3 895//3 861//3 856//3
f 861//2 895//2 915//2 907//2
f 908//4 916//4 896//4 862//4
f 940//3 941//3 939//3 938//3
f 935//2 937//2 940//2 938//2
f 943//6 946//6 945//6 942//6
f 943//2 944//2 947//2 946//2
f 939//6 949//6 948//6 938//6
f 939//2 941//2 950//2 949//2
f 946//2 947//2 953//2 952//2
f 945//3 946//3 941//3 940//3
f 937//2 942//2 945//2 940//2
f 941//2 946//2 952//2 950//2
f 957//1 958//1 960//1 959//1
f 955//5 959//5 960//5 956//5
f 957//4 959//4 955//4 954//4
f 964//4 966//4 963//4 962//4
f 977//3 978//3 976//3 975//3
f 971//5 975//5 976//5 972//5
f 971//2 973//2 977//2 975//2
f 982//1 983//1 985//1 984//1
f 980//5 984//5 985//5 981//5
f 982//4 984//4 980//4 979//4
f 991//3 992//3 990//3 989//3
f 988//6 992//6 991//6 987//6
f 986//2 987//2 991//2 989//2
f 993//1 994//1 996//1 995//1
f 957//5 971//5 972//5 958//5
f 972//4 974//4 960//4 958//4
f 969//5 995//5 996//5 970//5
f 993//4 995//4 969//4 968//4
f 960//4 964//4 962//4 956//4
f 989//3 990//3 978//3 977//3
f 973//2 986//2 989//2 977//2
f 980//1 981//1 994//1 993//1
f 964//1 968//1 969//1 966//1
f 963//5 966//5 969//5 967//5
f 972//1 979//1 980//1 974//1
f 972//5 976//5 982//5 979//5
f 960//1 961//1 968//1 964//1
f 960//5 974//5 980//5 961//5
f 980//4 993//4 968//4 961//4
f 1002//6 1005//6 1004//6 1001//6
f 1000//2 1001//2 1004//2 1003//2
f 1009//1 1010//1 1012//1 1011//1
f 1007//5 1011//5 1012//5 1008//5
f 1009//4 1011//4 1007//4 1006//4
f 1019//3 1020//3 1018//3 1017//3
f 1015//2 1016//2 1019//2 1017//2
f 1023//3 1024//3 1022//3 1021//3
f 1022//2 1024//2 1026//2 1025//2
f 1031//3 1032//3 1030//3 1029//3
f 1028//6 1032//6 1031//6 1027//6
f 1005//6 1024//6 1023//6 1004//6
f 1003//2 1004//2 1023//2 1021//2
f 1018//6 1034//6 1033//6 1017//6
f 1002//2 1013//2 1014//2 1005//2
f 1033//3 1034//3 1028//3 1027//3
f 1015//6 1017//6 1014//6 1013//6
f 1026//3 1031//3 1029//3 1025//3
f 1027//6 1031//6 1026//6 1024//6
f 1014//3 1017//3 1011//3 1005//3
f 1011//6 1027//6 1024//6 1005//6
f 1011//2 1017//2 1033//2 1027//2
f 1042//6 1045//6 1044//6 1041//6
f 1039//2 1041//2 1044//2 1043//2
f 1050//3 1051//3 1049//3 1048//3
f 1048//3 1049//3 1042//3 1041//3
f 1037//3 1041//3 1039//3 1036//3
f 1039//6 1043//6 1038//6 1036//6
f 1047//3 1050//3 1048//3 1046//3
f 1046//3 1048//3 1041//3 1037//3
f 976//6 1036//6 1035//6 975//6
f 976//2 978//2 1037//2 1036//2
f 982//5 1039//5 1040//5 983//5
f 990//2 992//2 1047//2 1046//2
f 976//5 1036//5 1039//5 982//5
f 997//6 1050//6 1047//6 992//6
f 978//2 990//2 1046//2 1037//2
f 1030//6 1053//6 1052//6 1029//6
f 944//2 998//2 999//2 947//2
f 1021//3 1022//3 988//3 987//3
f 988//2 1022//2 1025//2 992//2
f 969//1 970//1 1010//1 1009//1
f 969//4 1009//4 1006//4 967//4
f 1025//3 1029//3 997//3 992//3
f 965//2 1003//2 1021//2 987//2
f 1052//3 1053//3 1051//3 1050//3
f 936//5 939//5 957//5 954//5
f 950//3 973//3 971//3 949//3
f 971//6 975//6 951//6 949//6
f 953//3 987//3 986//3 952//3
f 952//3 986//3 973//3 950//3
f 965//6 987//6 953//6 947//6
f 1000//6 1003//6 999//6 998//6
f 999//3 1003//3 965//3 947//3
f 997//2 1029//2 1052//2 1050//2
f 873//2 935//2 938//2 877//2
f 878//4 939//4 936//4 874//4
f 948//3 949//3 888//3 887//3
f 888//2 949//2 951//2 890//2
f 877//2 938//2 948//2 887//2
f 903//1 904//1 976//1 975//1
f 903//4 975//4 971//4 900//4
f 900//4 971//4 957//4 892//4
f 1035//3 1036//3 928//3 927//3
f 928//2 1036//2 1038//2 930//2
f 933//1 934//1 1040//1 1039//1
f 928//1 933//1 1039//1 1036//1
f 878//1 892//1 957//1 939//1
f 951//3 975//3 903//3 890//3
f 903//2 975//2 1035//2 927//2
f 928//4 1036//4 976//4 904//4
f 1056//1 1057//1 1059//1 1058//1
f 1054//2 1055//2 1059//2 1057//2
f 1060//2 1062//2 1066//2 1064//2
f 1065//4 1067//4 1063//4 1061//4
f 1070//3 1071//3 1069//3 1068//3
f 1072//4 1073//4 1070//4 1068//4
f 1064//2 1066//2 1070//2 1068//2
f 1069//4 1071//4 1067//4 1065//4
f 1078//1 1079//1 1081//1 1080//1
f 1076//2 1077//2 1081//2 1079//2
f 1084//1 1085//1 1087//1 1086//1
f 1082//2 1083//2 1087//2 1085//2
f 1074//2 1075//2 1083//2 1082//2
f 1080//1 1081//1 1085//1 1084//1
f 1077//2 1082//2 1085//2 1081//2
f 1088//2 1090//2 1094//2 1092//2
f 1093//4 1095//4 1091//4 1089//4
f 1096//2 1098//2 1102//2 1100//2
f 1101//4 1103//4 1099//4 1097//4
f 1106//3 1107//3 1105//3 1104//3
f 1108//4 1109//4 1106//4 1104//4
f 1112//3 1113//3 1111//3 1110//3
f 1114//4 1115//4 1112//4 1110//4
f 1092//2 1094//2 1106//2 1104//2
f 1105//4 1107//4 1095//4 1093//4
f 1111//4 1113//4 1103//4 1101//4
f 1090//2 1096//2 1100//2 1094//2
f 1095//4 1101//4 1097//4 1091//4
f 1110//3 1111//3 1107//3 1106//3
f 1109//4 1114//4 1110//4 1106//4
f 1094//2 1100//2 1110//2 1106//2
f 1107//4 1111//4 1101//4 1095//4
f 1116//1 1117//1 1119//1 1118//1
f 1122//3 1123//3 1121//3 1120//3
f 1124//4 1125//4 1122//4 1120//4
f 1117//1 1120//1 1122//1 1119//1
f 1126//1 1127//1 1129//1 1128//1
f 1132//3 1133//3 1131//3 1130//3
f 1134//4 1135//4 1132//4 1130//4
f 1136//1 1137//1 1139//1 1138//1
f 1142//3 1143//3 1141//3 1140//3
f 1144//4 1145//4 1142//4 1140//4
f 1128//1 1129//1 1137//1 1136//1
f 1140//3 1141//3 1133//3 1132//3
f 1135//4 1144//4 1140//4 1132//4
f 1127//1 1130//1 1132//1 1129//1
f 1137//1 1140//1 1142//1 1139//1
f 1129//1 1132//1 1140//1 1137//1
f 1056//2 1058//2 1122//2 1120//2
f 1121//4 1123//4 1059//4 1057//4
f 1078//2 1080//2 1132//2 1130//2
f 1131//4 1133//4 1081//4 1079//4
f 1084//2 1086//2 1142//2 1140//2
f 1141//4 1143//4 1087//4 1085//4
f 1080//2 1084//2 1140//2 1132//2
f 1133//4 1141//4 1085//4 1081//4
f 1058//1 1059//1 1079//1 1078//1
f 1055//2 1076//2 1079//2 1059//2
f 1118//1 1119//1 1127//1 1126//1
f 1130//3 1131//3 1123//3 1122//3
f 1125//4 1134//4 1130//4 1122//4
f 1119//1 1122//1 1130//1 1127//1
f 1062//2 1088//2 1092//2 1066//2
f 1067//4 1093//4 1089//4 1063//4
f 1104//3 1105//3 1071//3 1070//3
f 1073//4 1108//4 1104//4 1070//4
f 1066//2 1092//2 1104//2 1070//2
f 1071//4 1105//4 1093//4 1067//4
f 1054//1 1068//1 1070//1 1055//1
f 1059//3 1073//3 1072//3 1057//3
f 1074//1 1100//1 1102//1 1075//1
f 1076//1 1104//1 1106//1 1077//1
f 1081//3 1109//3 1108//3 1079//3
f 1087//3 1115//3 1114//3 1085//3
f 1077//1 1106//1 1110//1 1082//1
f 1085//3 1114//3 1109//3 1081//3
f 1074//5 1082//5 1110//5 1100//5
f 1055//1 1070//1 1104//1 1076//1
f 1079//3 1108//3 1073//3 1059//3
f 1058//2 1078//2 1130//2 1122//2
f 1123//4 1131//4 1079//4 1059//4
f 1150//1 1151//1 1153//1 1152//1
f 1148//5 1152//5 1153//5 1149//5
f 1147//2 1149//2 1153//2 1151//2
f 1158//2 1159//2 1161//2 1160//2
f 1166//1 1167//1 1169//1 1168//1
f 1164//5 1168//5 1169//5 1165//5
f 1163//2 1165//2 1169//2 1167//2
f 1176//3 1177//3 1175//3 1174//3
f 1170//5 1174//5 1175//5 1171//5
f 1175//4 1177//4 1173//4 1171//4
f 1178//1 1179//1 1181//1 1180//1
f 1188//3 1189//3 1187//3 1186//3
f 1185//6 1189//6 1188//6 1184//6
f 1187//4 1189//4 1185//4 1183//4
f 1150//5 1170//5 1171//5 1151//5
f 1150//2 1152//2 1172//2 1170//2
f 1156//5 1180//5 1181//5 1157//5
f 1155//2 1157//2 1181//2 1179//2
f 1164//1 1165//1 1179//1 1178//1
f 1148//2 1158//2 1160//2 1152//2
f 1186//3 1187//3 1177//3 1176//3
f 1177//4 1187//4 1183//4 1173//4
f 1155//1 1160//1 1161//1 1157//1
f 1154//5 1157//5 1161//5 1159//5
f 1163//1 1170//1 1172//1 1165//1
f 1163//5 1167//5 1174//5 1170//5
f 1146//1 1152//1 1160//1 1155//1
f 1146//5 1165//5 1172//5 1152//5
f 1146//2 1155//2 1179//2 1165//2
f 1195//3 1196//3 1194//3 1193//3
f 1194//4 1196//4 1192//4 1191//4
f 1198//6 1201//6 1200//6 1197//6
f 1200//4 1202//4 1199//4 1197//4
f 1194//6 1204//6 1203//6 1193//6
f 1203//4 1205//4 1195//4 1193//4
f 1207//4 1208//4 1202//4 1200//4
f 1200//3 1201//3 1196//3 1195//3
f 1196//4 1201//4 1198//4 1192//4
f 1205//4 1207//4 1200//4 1195//4
f 1212//1 1213//1 1215//1 1214//1
f 1210//5 1214//5 1215//5 1211//5
f 1209//2 1211//2 1215//2 1213//2
f 1218//6 1221//6 1220//6 1217//6
f 1219//4 1221//4 1218//4 1216//4
f 1226//3 1227//3 1225//3 1224//3
f 1225//4 1227//4 1223//4 1222//4
f 1234//3 1235//3 1233//3 1232//3
f 1231//6 1235//6 1234//6 1230//6
f 1238//3 1239//3 1237//3 1236//3
f 1240//4 1241//4 1238//4 1236//4
f 1221//6 1239//6 1238//6 1220//6
f 1237//4 1239//4 1221//4 1219//4
f 1225//6 1243//6 1242//6 1224//6
f 1242//3 1243//3 1231//3 1230//3
f 1220//4 1229//4 1228//4 1217//4
f 1228//6 1229//6 1225//6 1222//6
f 1235//3 1241//3 1240//3 1233//3
f 1238//6 1241//6 1235//6 1231//6
f 1225//3 1229//3 1220//3 1215//3
f 1220//6 1238//6 1231//6 1215//6
f 1231//4 1243//4 1225//4 1215//4
f 1249//6 1252//6 1251//6 1248//6
f 1250//4 1252//4 1249//4 1247//4
f 1259//3 1260//3 1258//3 1257//3
f 1257//3 1258//3 1249//3 1248//3
f 1249//3 1255//3 1253//3 1247//3
f 1253//6 1256//6 1250//6 1247//6
f 1260//3 1262//3 1261//3 1258//3
f 1258//3 1261//3 1255//3 1249//3
f 1166//5 1246//5 1247//5 1167//5
f 1175//6 1254//6 1253//6 1174//6
f 1253//4 1255//4 1176//4 1174//4
f 1261//4 1262//4 1188//4 1186//4
f 1167//5 1247//5 1253//5 1174//5
f 1188//6 1262//6 1260//6 1182//6
f 1255//4 1261//4 1186//4 1176//4
f 1233//6 1264//6 1263//6 1232//6
f 1156//1 1157//1 1213//1 1212//1
f 1154//2 1209//2 1213//2 1157//2
f 1236//3 1237//3 1185//3 1184//3
f 1188//4 1240//4 1236//4 1184//4
f 1233//3 1240//3 1188//3 1182//3
f 1185//4 1237//4 1219//4 1162//4
f 1263//3 1264//3 1260//3 1259//3
f 1202//4 1245//4 1244//4 1199//4
f 1147//5 1151//5 1193//5 1190//5
f 1173//3 1205//3 1203//3 1171//3
f 1203//6 1206//6 1175//6 1171//6
f 1185//3 1208//3 1207//3 1183//3
f 1183//3 1207//3 1205//3 1173//3
f 1202//6 1208//6 1185//6 1162//6
f 1244//6 1245//6 1219//6 1216//6
f 1219//3 1245//3 1202//3 1162//3
f 1260//4 1264//4 1233//4 1182//4
f 1086//1 1087//1 1175//1 1174//1
f 1083//2 1171//2 1175//2 1087//2
f 1075//2 1151//2 1171//2 1083//2
f 1138//1 1139//1 1247//1 1246//1
f 1253//3 1254//3 1143//3 1142//3
f 1145//4 1256//4 1253//4 1142//4
f 1139//1 1142//1 1253//1 1247//1
f 1098//2 1190//2 1193//2 1102//2
f 1103//4 1194//4 1191//4 1099//4
f 1203//3 1204//3 1113//3 1112//3
f 1115//4 1206//4 1203//4 1112//4
f 1113//4 1204//4 1194//4 1103//4
f 1075//1 1102//1 1193//1 1151//1
f 1175//3 1206//3 1115//3 1087//3
f 1086//2 1174//2 1253//2 1142//2
f 1143//4 1254//4 1175//4 1087//4
f 1274//3 1275//3 1273//3 1272//3
f 1271//6 1275//6 1274//6 1270//6
f 1269//2 1270//2 1274//2 1272//2
f 1276//5 1279//5 1280//5 1277//5
f 1276//2 1278//2 1281//2 1279//2
f 1284//1 1285//1 1287//1 1286//1
f 1284//4 1286//4 1283//4 1282//4
f 1292//3 1293//3 1291//3 1290//3
f 1291//2 1293//2 1295//2 1294//2
f 1300//3 1301//3 1299//3 1298//3
f 1296//5 1298//5 1299//5 1297//5
f 1274//5 1288//5 1289//5 1275//5
f 1279//5 1290//5 1291//5 1280//5
f 1279//2 1281//2 1292//2 1290//2
f 1267//2 1277//2 1280//2 1268//2
f 1274//1 1275//1 1285//1 1284//1
f 1274//4 1284//4 1282//4 1270//4
f 1296//3 1297//3 1289//3 1288//3
f 1267//5 1268//5 1274//5 1270//5
f 1295//3 1300//3 1298//3 1294//3
f 1291//5 1294//5 1298//5 1296//5
f 1280//3 1284//3 1274//3 1268//3
f 1280//5 1291//5 1296//5 1284//5
f 1274//2 1284//2 1296//2 1288//2
f 1302//2 1303//2 1305//2 1304//2
f 1312//3 1313//3 1311//3 1310//3
f 1306//5 1310//5 1311//5 1307//5
f 1306//2 1308//2 1312//2 1310//2
f 1304//2 1305//2 1315//2 1314//2
f 1312//5 1317//5 1318//5 1313//5
f 1311//2 1313//2 1318//2 1316//2
f 1303//2 1307//2 1311//2 1305//2
f 1305//2 1311//2 1316//2 1315//2
f 1323//4 1324//4 1321//4 1320//4
f 1332//1 1333//1 1335//1 1334//1
f 1330//6 1333//6 1332//6 1329//6
f 1332//4 1334//4 1331//4 1329//4
f 1342//3 1343//3 1341//3 1340//3
f 1337//5 1340//5 1341//5 1338//5
f 1337//2 1339//2 1342//2 1340//2
f 1344//1 1345//1 1347//1 1346//1
f 1355//3 1356//3 1354//3 1353//3
f 1352//6 1356//6 1355//6 1351//6
f 1349//2 1351//2 1355//2 1353//2
f 1360//1 1361//1 1363//1 1362//1
f 1358//6 1361//6 1360//6 1357//6
f 1360//4 1362//4 1359//4 1357//4
f 1327//6 1345//6 1344//6 1326//6
f 1344//4 1346//4 1328//4 1326//4
f 1335//6 1352//6 1351//6 1334//6
f 1350//4 1352//4 1335//4 1333//4
f 1324//4 1333//4 1330//4 1321//4
f 1353//3 1354//3 1343//3 1342//3
f 1339//2 1349//2 1353//2 1342//2
f 1346//1 1347//1 1358//1 1357//1
f 1323//1 1326//1 1328//1 1324//1
f 1325//6 1326//6 1323//6 1320//6
f 1350//1 1357//1 1359//1 1352//1
f 1359//6 1362//6 1356//6 1352//6
f 1324//1 1328//1 1336//1 1333//1
f 1336//6 1357//6 1350//6 1333//6
f 1346//4 1357//4 1336//4 1328//4
f 1370//3 1371//3 1369//3 1368//3
f 1376//5 1380//5 1381//5 1377//5
f 1376//2 1378//2 1382//2 1380//2
f 1376//3 1377//3 1371//3 1370//3
f 1367//3 1370//3 1368//3 1366//3
f 1374//3 1378//3 1376//3 1372//3
f 1374//5 1375//5 1382//5 1378//5
f 1372//3 1376//3 1370//3 1367//3
f 1300//5 1364//5 1365//5 1301//5
f 1341//2 1343//2 1367//2 1366//2
f 1355//5 1373//5 1374//5 1356//5
f 1354//2 1356//2 1374//2 1372//2
f 1363//6 1379//6 1378//6 1362//6
f 1341//5 1366//5 1368//5 1348//5
f 1362//6 1378//6 1374//6 1356//6
f 1343//2 1354//2 1372//2 1367//2
f 1265//2 1302//2 1304//2 1266//2
f 1337//3 1338//3 1293//3 1292//3
f 1293//2 1338//2 1341//2 1295//2
f 1286//1 1287//1 1327//1 1326//1
f 1286//4 1326//4 1325//4 1283//4
f 1341//3 1348//3 1300//3 1295//3
f 1281//2 1322//2 1337//2 1292//2
f 1368//3 1369//3 1365//3 1364//3
f 1265//5 1266//5 1281//5 1278//5
f 1331//6 1334//6 1313//6 1309//6
f 1315//3 1339//3 1337//3 1314//3
f 1318//3 1351//3 1349//3 1316//3
f 1318//5 1319//5 1355//5 1351//5
f 1316//3 1349//3 1339//3 1315//3
f 1304//5 1314//5 1337//5 1322//5
f 1304//3 1322//3 1281//3 1266//3
f 1300//2 1348//2 1368//2 1364//2
f 1383//2 1385//2 1389//2 1387//2
f 1388//4 1390//4 1386//4 1384//4
f 1391//2 1393//2 1397//2 1395//2
f 1396//4 1398//4 1394//4 1392//4
f 1401//3 1402//3 1400//3 1399//3
f 1400//2 1402//2 1404//2 1403//2
f 1407//3 1408//3 1406//3 1405//3
f 1406//2 1408//2 1410//2 1409//2
f 1387//2 1389//2 1401//2 1399//2
f 1395//2 1397//2 1407//2 1405//2
f 1406//4 1408//4 1398//4 1396//4
f 1385//2 1391//2 1395//2 1389//2
f 1390//4 1396//4 1392//4 1386//4
f 1405//3 1406//3 1402//3 1401//3
f 1402//2 1406//2 1409//2 1404//2
f 1389//2 1395//2 1405//2 1401//2
f 1402//4 1406//4 1396//4 1390//4
f 1415//1 1416//1 1418//1 1417//1
f 1415//4 1417//4 1414//4 1413//4
f 1421//1 1422//1 1424//1 1423//1
f 1421//4 1423//4 1420//4 1419//4
f 1413//4 1414//4 1412//4 1411//4
f 1417//1 1418//1 1422//1 1421//1
f 1417//4 1421//4 1419//4 1414//4
f 1425//2 1427//2 1431//2 1429//2
f 1430//4 1432//4 1428//4 1426//4
f 1435//3 1436//3 1434//3 1433//3
f 1434//2 1436//2 1438//2 1437//2
f 1429//2 1431//2 1435//2 1433//2
f 1434//4 1436//4 1432//4 1430//4
f 1441//1 1442//1 1444//1 1443//1
f 1441//4 1443//4 1440//4 1439//4
f 1447//3 1448//3 1446//3 1445//3
f 1446//2 1448//2 1450//2 1449//2
f 1451//1 1452//1 1454//1 1453//1
f 1457//3 1458//3 1456//3 1455//3
f 1456//2 1458//2 1460//2 1459//2
f 1461//1 1462//1 1464//1 1463//1
f 1455//3 1456//3 1448//3 1447//3
f 1448//2 1456//2 1459//2 1450//2
f 1453//1 1454//1 1462//1 1461//1
f 1446//1 1451//1 1453//1 1448//1
f 1456//1 1461//1 1463//1 1458//1
f 1448//1 1453//1 1461//1 1456//1
f 1467//3 1468//3 1466//3 1465//3
f 1466//2 1468//2 1470//2 1469//2
f 1471//1 1472//1 1474//1 1473//1
f 1466//1 1471//1 1473//1 1468//1
f 1415//2 1417//2 1447//2 1445//2
f 1446//4 1448//4 1418//4 1416//4
f 1421//2 1423//2 1457//2 1455//2
f 1456//4 1458//4 1424//4 1422//4
f 1417//2 1421//2 1455//2 1447//2
f 1448//4 1456//4 1422//4 1418//4
f 1441//2 1443//2 1467//2 1465//2
f 1466//4 1468//4 1444//4 1442//4
f 1393//2 1425//2 1429//2 1397//2
f 1398//4 1430//4 1426//4 1394//4
f 1433//3 1434//3 1408//3 1407//3
f 1408//2 1434//2 1437//2 1410//2
f 1397//2 1429//2 1433//2 1407//2
f 1408//4 1434//4 1430//4 1398//4
f 1423//1 1424//1 1442//1 1441//1
f 1423//4 1441//4 1439//4 1420//4
f 1465//3 1466//3 1458//3 1457//3
f 1458//2 1466//2 1469//2 1460//2
f 1463//1 1464//1 1472//1 1471//1
f 1458//1 1463//1 1471//1 1466//1
f 1388//1 1411//1 1412//1 1390//1
f 1404//3 1417//3 1415//3 1403//3
f 1406//1 1419//1 1420//1 1408//1
f 1410//3 1423//3 1421//3 1409//3
f 1402//1 1414//1 1419//1 1406//1
f 1409//3 1421//3 1417//3 1404//3
f 1412//6 1414//6 1402//6 1390//6
f 1434//1 1439//1 1440//1 1436//1
f 1438//3 1443//3 1441//3 1437//3
f 1408//1 1420//1 1439//1 1434//1
f 1437//3 1441//3 1423//3 1410//3
f 1423//2 1441//2 1465//2 1457//2
f 1458//4 1466//4 1442//4 1424//4
f 1308//2 1383//2 1387//2 1312//2
f 1313//4 1388//4 1384//4 1309//4
f 1399//3 1400//3 1318//3 1317//3
f 1318//2 1400//2 1403//2 1319//2
f 1312//2 1387//2 1399//2 1317//2
f 1355//1 1356//1 1416//1 1415//1
f 1355//4 1415//4 1413//4 1351//4
f 1351//4 1413//4 1411//4 1334//4
f 1445//3 1446//3 1374//3 1373//3
f 1374//2 1446//2 1449//2 1375//2
f 1378//1 1379//1 1452//1 1451//1
f 1374//1 1378//1 1451//1 1446//1
f 1313//1 1334//1 1411//1 1388//1
f 1403//3 1415//3 1355//3 1319//3
f 1355//2 1415//2 1445//2 1373//2
f 1374//4 1446//4 1416//4 1356//4
f 1480//3 1481//3 1479//3 1478//3
f 1477//6 1481//6 1480//6 1476//6
f 1479//4 1481//4 1477//4 1475//4
f 1486//1 1487//1 1489//1 1488//1
f 1484//2 1485//2 1489//2 1487//2
f 1490//5 1493//5 1494//5 1491//5
f 1494//4 1495//4 1492//4 1491//4
f 1502//3 1503//3 1501//3 1500//3
f 1498//5 1500//5 1501//5 1499//5
f 1506//3 1507//3 1505//3 1504//3
f 1508//4 1509//4 1506//4 1504//4
f 1480//5 1496//5 1497//5 1481//5
f 1493//5 1504//5 1505//5 1494//5
f 1505//4 1507//4 1495//4 1494//4
f 1480//1 1481//1 1487//1 1486//1
f 1477//2 1484//2 1487//2 1481//2
f 1498//3 1499//3 1497//3 1496//3
f 1483//4 1493//4 1490//4 1482//4
f 1477//5 1481//5 1483//5 1482//5
f 1503//3 1509//3 1508//3 1501//3
f 1499//5 1501//5 1508//5 1504//5
f 1487//3 1493//3 1483//3 1481//3
f 1487//5 1499//5 1504//5 1493//5
f 1497//4 1499//4 1487//4 1481//4
f 1516//2 1517//2 1520//2 1518//2
f 1525//1 1526//1 1528//1 1527//1
f 1523//6 1526//6 1525//6 1522//6
f 1523//2 1524//2 1528//2 1526//2
f 1529//1 1530//1 1532//1 1531//1
f 1539//3 1540//3 1538//3 1537//3
f 1534//5 1537//5 1538//5 1535//5
f 1538//4 1540//4 1536//4 1535//4
f 1544//1 1545//1 1547//1 1546//1
f 1542//6 1545//6 1544//6 1541//6
f 1542//2 1543//2 1547//2 1545//2
f 1554//3 1555//3 1553//3 1552//3
f 1551//6 1555//6 1554//6 1550//6
f 1553//4 1555//4 1551//4 1549//4
f 1514//6 1530//6 1529//6 1513//6
f 1514//2 1515//2 1532//2 1530//2
f 1528//6 1551//6 1550//6 1527//6
f 1525//2 1527//2 1550//2 1548//2
f 1531//1 1532//1 1542//1 1541//1
f 1517//2 1522//2 1525//2 1520//2
f 1552//3 1553//3 1540//3 1539//3
f 1540//4 1553//4 1549//4 1536//4
f 1514//1 1518//1 1520//1 1515//1
f 1516//6 1518//6 1514//6 1512//6
f 1542//1 1548//1 1550//1 1543//1
f 1550//6 1554//6 1547//6 1543//6
f 1515//1 1520//1 1525//1 1521//1
f 1525//6 1548//6 1542//6 1521//6
f 1515//2 1521//2 1542//2 1532//2
f 1558//4 1559//4 1557//4 1556//4
f 1566//3 1567//3 1565//3 1564//3
f 1560//5 1564//5 1565//5 1561//5
f 1565//4 1567//4 1563//4 1561//4
f 1568//4 1569//4 1559//4 1558//4
f 1566//5 1571//5 1572//5 1567//5
f 1570//4 1571//4 1566//4 1564//4
f 1559//4 1564//4 1560//4 1557//4
f 1569//4 1570//4 1564//4 1559//4
f 1578//3 1579//3 1577//3 1576//3
f 1582//5 1586//5 1587//5 1583//5
f 1587//4 1588//4 1585//4 1583//4
f 1582//3 1583//3 1579//3 1578//3
f 1579//3 1581//3 1580//3 1577//3
f 1585//3 1590//3 1589//3 1583//3
f 1585//5 1588//5 1592//5 1590//5
f 1583//3 1589//3 1581//3 1579//3
f 1502//5 1574//5 1575//5 1503//5
f 1580//4 1581//4 1539//4 1537//4
f 1547//6 1585//6 1584//6 1546//6
f 1554//5 1590//5 1591//5 1555//5
f 1589//4 1590//4 1554//4 1552//4
f 1533//5 1577//5 1580//5 1537//5
f 1554//6 1590//6 1585//6 1547//6
f 1581//4 1589//4 1552//4 1539//4
f 1488//1 1489//1 1514//1 1513//1
f 1485//2 1512//2 1514//2 1489//2
f 1534//3 1535//3 1507//3 1506//3
f 1509//4 1537//4 1534//4 1506//4
f 1533//3 1537//3 1509//3 1503//3
f 1507//4 1535//4 1519//4 1495//4
f 1576//3 1577//3 1575//3 1574//3
f 1511//4 1558//4 1556//4 1510//4
f 1492//5 1495//5 1511//5 1510//5
f 1562//6 1566//6 1528//6 1524//6
f 1536//3 1569//3 1568//3 1535//3
f 1551//3 1571//3 1570//3 1549//3
f 1551//5 1555//5 1573//5 1571//5
f 1549//3 1570//3 1569//3 1536//3
f 1519//5 1535//5 1568//5 1558//5
f 1519//3 1558//3 1511//3 1495//3
f 1575//4 1577//4 1533//4 1503//4
f 1597//1 1598//1 1600//1 1599//1
f 1595//2 1596//2 1600//2 1598//2
f 1603//1 1604//1 1606//1 1605//1
f 1601//2 1602//2 1606//2 1604//2
f 1593//2 1594//2 1596//2 1595//2
f 1599//1 1600//1 1604//1 1603//1
f 1596//2 1601//2 1604//2 1600//2
f 1607//2 1609//2 1613//2 1611//2
f 1612//4 1614//4 1610//4 1608//4
f 1615//2 1617//2 1621//2 1619//2
f 1620//4 1622//4 1618//4 1616//4
f 1625//3 1626//3 1624//3 1623//3
f 1627//4 1628//4 1625//4 1623//4
f 1631//3 1632//3 1630//3 1629//3
f 1633//4 1634//4 1631//4 1629//4
f 1624//4 1626//4 1614//4 1612//4
f 1619//2 1621//2 1631//2 1629//2
f 1630//4 1632//4 1622//4 1620//4
f 1609//2 1615//2 1619//2 1613//2
f 1614//4 1620//4 1616//4 1610//4
f 1629//3 1630//3 1626//3 1625//3
f 1628//4 1633//4 1629//4 1625//4
f 1613//2 1619//2 1629//2 1625//2
f 1626//4 1630//4 1620//4 1614//4
f 1637//1 1638//1 1640//1 1639//1
f 1635//2 1636//2 1640//2 1638//2
f 1641//2 1643//2 1647//2 1645//2
f 1646//4 1648//4 1644//4 1642//4
f 1651//3 1652//3 1650//3 1649//3
f 1653//4 1654//4 1651//4 1649//4
f 1645//2 1647//2 1651//2 1649//2
f 1650//4 1652//4 1648//4 1646//4
f 1655//1 1656//1 1658//1 1657//1
f 1661//3 1662//3 1660//3 1659//3
f 1663//4 1664//4 1661//4 1659//4
f 1665//1 1666//1 1668//1 1667//1
f 1671//3 1672//3 1670//3 1669//3
f 1673//4 1674//4 1671//4 1669//4
f 1657//1 1658//1 1666//1 1665//1
f 1669//3 1670//3 1662//3 1661//3
f 1664//4 1673//4 1669//4 1661//4
f 1656//1 1659//1 1661//1 1658//1
f 1666//1 1669//1 1671//1 1668//1
f 1658//1 1661//1 1669//1 1666//1
f 1675//1 1676//1 1678//1 1677//1
f 1681//3 1682//3 1680//3 1679//3
f 1683//4 1684//4 1681//4 1679//4
f 1676//1 1679//1 1681//1 1678//1
f 1597//2 1599//2 1661//2 1659//2
f 1660//4 1662//4 1600//4 1598//4
f 1603//2 1605//2 1671//2 1669//2
f 1670//4 1672//4 1606//4 1604//4
f 1599//2 1603//2 1669//2 1661//2
f 1662//4 1670//4 1604//4 1600//4
f 1637//2 1639//2 1681//2 1679//2
f 1680//4 1682//4 1640//4 1638//4
f 1605//1 1606//1 1638//1 1637//1
f 1602//2 1635//2 1638//2 1606//2
f 1667//1 1668//1 1676//1 1675//1
f 1679//3 1680//3 1672//3 1671//3
f 1674//4 1683//4 1679//4 1671//4
f 1668//1 1671//1 1679//1 1676//1
f 1617//2 1641//2 1645//2 1621//2
f 1622//4 1646//4 1642//4 1618//4
f 1649//3 1650//3 1632//3 1631//3
f 1634//4 1653//4 1649//4 1631//4
f 1621//2 1645//2 1649//2 1631//2
f 1632//4 1650//4 1646//4 1622//4
f 1593//1 1611//1 1613//1 1594//1
f 1600//3 1628//3 1627//3 1598//3
f 1601//1 1629//1 1631//1 1602//1
f 1606//3 1634//3 1633//3 1604//3
f 1596//1 1625//1 1629//1 1601//1
f 1604//3 1633//3 1628//3 1600//3
f 1613//6 1625//6 1596//6 1594//6
f 1635//1 1649//1 1651//1 1636//1
f 1640//3 1654//3 1653//3 1638//3
f 1602//1 1631//1 1649//1 1635//1
f 1638//3 1653//3 1634//3 1606//3
f 1605//2 1637//2 1679//2 1671//2
f 1672//4 1680//4 1638//4 1606//4
f 1554//1 1555//1 1598//1 1597//1
f 1551//2 1595//2 1598//2 1555//2
f 1528//2 1593//2 1595//2 1551//2
f 1584//1 1585//1 1656//1 1655//1
f 1659//3 1660//3 1591//3 1590//3
f 1592//4 1663//4 1659//4 1590//4
f 1585//1 1590//1 1659//1 1656//1
f 1562//2 1607//2 1611//2 1566//2
f 1567//4 1612//4 1608//4 1563//4
f 1623//3 1624//3 1572//3 1571//3
f 1573//4 1627//4 1623//4 1571//4
f 1572//4 1624//4 1612//4 1567//4
f 1528//1 1566//1 1611//1 1593//1
f 1598//3 1627//3 1573//3 1555//3
f 1554//2 1597//2 1659//2 1590//2
f 1591//4 1660//4 1598//4 1555//4
f 41//2 43//2 845//2 843//2
f 844//4 846//4 44//4 42//4
f 67//2 69//2 865//2 863//2
f 864//4 866//4 70//4 68//4
f 75//2 77//2 873//2 871//2
f 872//4 874//4 78//4 76//4
f 69//2 75//2 871//2 865//2
f 866//4 872//4 76//4 70//4
f 43//2 67//2 863//2 845//2
f 846//4 864//4 68//4 44//4
f 122//2 124//2 937//2 935//2
f 129//6 943//6 942//6 128//6
f 129//2 130//2 944//2 943//2
f 124//2 128//2 942//2 937//2
f 163//5 955//5 956//5 164//5
f 954//4 955//4 163//4 162//4
f 962//4 963//4 170//4 169//4
f 170//5 963//5 967//5 174//5
f 956//4 962//4 169//4 164//4
f 196//6 1002//6 1001//6 195//6
f 194//2 195//2 1001//2 1000//2
f 202//5 1007//5 1008//5 203//5
f 1006//4 1007//4 202//4 201//4
f 210//2 211//2 1016//2 1015//2
f 210//6 1015//6 1013//6 205//6
f 196//2 205//2 1013//2 1002//2
f 123//5 936//5 954//5 162//5
f 194//6 1000//6 998//6 176//6
f 130//2 176//2 998//2 944//2
f 967//4 1006//4 201//4 174//4
f 77//2 122//2 935//2 873//2
f 874//4 936//4 123//4 78//4
f 258//2 260//2 1062//2 1060//2
f 1061//4 1063//4 261//4 259//4
f 292//2 294//2 1090//2 1088//2
f 1089//4 1091//4 295//4 293//4
f 300//2 302//2 1098//2 1096//2
f 1097//4 1099//4 303//4 301//4
f 294//2 300//2 1096//2 1090//2
f 1091//4 1097//4 301//4 295//4
f 260//2 292//2 1088//2 1062//2
f 1063//4 1089//4 293//4 261//4
f 356//5 1148//5 1149//5 357//5
f 355//2 357//2 1149//2 1147//2
f 365//2 366//2 1159//2 1158//2
f 361//5 1154//5 1159//5 366//5
f 356//2 365//2 1158//2 1148//2
f 1191//4 1192//4 379//4 378//4
f 384//6 1198//6 1197//6 383//6
f 1197//4 1199//4 385//4 383//4
f 1192//4 1198//4 384//4 379//4
f 405//5 1210//5 1211//5 406//5
f 404//2 406//2 1211//2 1209//2
f 412//6 1218//6 1217//6 411//6
f 1216//4 1218//4 412//4 410//4
f 1222//4 1223//4 418//4 417//4
f 420//6 1228//6 1222//6 417//6
f 1217//4 1228//4 420//4 411//4
f 355//5 1147//5 1190//5 377//5
f 422//6 1244//6 1216//6 410//6
f 361//2 404//2 1209//2 1154//2
f 1199//4 1244//4 422//4 385//4
f 302//2 377//2 1190//2 1098//2
f 1099//4 1191//4 378//4 303//4
f 466//6 1271//6 1270//6 465//6
f 464//2 465//2 1270//2 1269//2
f 470//5 1276//5 1277//5 471//5
f 470//2 472//2 1278//2 1276//2
f 1282//4 1283//4 478//4 477//4
f 459//5 1267//5 1270//5 465//5
f 459//2 471//2 1277//2 1267//2
f 1270//4 1282//4 477//4 465//4
f 487//2 488//2 1303//2 1302//2
f 493//5 1306//5 1307//5 494//5
f 493//2 495//2 1308//2 1306//2
f 488//2 494//2 1307//2 1303//2
f 1320//4 1321//4 528//4 527//4
f 538//6 1330//6 1329//6 537//6
f 1329//4 1331//4 539//4 537//4
f 532//6 1325//6 1320//6 527//6
f 1321//4 1330//4 538//4 528//4
f 443//5 1265//5 1278//5 472//5
f 539//6 1331//6 1309//6 496//6
f 443//2 487//2 1302//2 1265//2
f 1283//4 1325//4 532//4 478//4
f 587//2 589//2 1385//2 1383//2
f 1384//4 1386//4 590//4 588//4
f 595//2 597//2 1393//2 1391//2
f 1392//4 1394//4 598//4 596//4
f 589//2 595//2 1391//2 1385//2
f 1386//4 1392//4 596//4 590//4
f 623//2 625//2 1427//2 1425//2
f 1426//4 1428//4 626//4 624//4
f 597//2 623//2 1425//2 1393//2
f 1394//4 1426//4 624//4 598//4
f 495//2 587//2 1383//2 1308//2
f 1309//4 1384//4 588//4 496//4
f 672//6 1477//6 1476//6 671//6
f 1475//4 1477//4 672//4 670//4
f 679//2 680//2 1485//2 1484//2
f 684//5 1490//5 1491//5 685//5
f 1491//4 1492//4 686//4 685//4
f 672//5 1477//5 1482//5 674//5
f 672//2 679//2 1484//2 1477//2
f 1482//4 1490//4 684//4 674//4
f 723//2 724//2 1517//2 1516//2
f 731//6 1523//6 1522//6 730//6
f 731//2 732//2 1524//2 1523//2
f 723//6 1516//6 1512//6 719//6
f 724//2 730//2 1522//2 1517//2
f 1556//4 1557//4 742//4 741//4
f 747//5 1560//5 1561//5 748//5
f 1561//4 1563//4 750//4 748//4
f 1557//4 1560//4 747//4 742//4
f 686//5 1492//5 1510//5 688//5
f 749//6 1562//6 1524//6 732//6
f 680//2 719//2 1512//2 1485//2
f 1510//4 1556//4 741//4 688//4
f 811//2 813//2 1609//2 1607//2
f 1608//4 1610//4 814//4 812//4
f 819//2 821//2 1617//2 1615//2
f 1616//4 1618//4 822//4 820//4
f 813//2 819//2 1615//2 1609//2
f 1610//4 1616//4 820//4 814//4
f 839//2 841//2 1643//2 1641//2
f 1642//4 1644//4 842//4 840//4
f 821//2 839//2 1641//2 1617//2
f 1618//4 1642//4 840//4 822//4
f 749//2 811//2 1607//2 1562//2
f 1563//4 1608//4 812//4 750//4
f 208//1 209//1 461//1 460//1
f 208//2 460//2 464//2 211//2
f 1272//3 1273//3 1020//3 1019//3
f 1016//2 1269//2 1272//2 1019//2
f 415//1 416//1 667//1 666//1
f 418//4 670//4 667//4 416//4
f 1478//3 1479//3 1227//3 1226//3
f 1227//4 1479//4 1475//4 1223//4
f 10//3 214//3 212//3 8//3
f 20//3 224//3 222//3 18//3
f 30//3 234//3 232//3 28//3
f 28//3 232//3 224//3 20//3
f 18//3 222//3 214//3 10//3
f 305//6 309//6 103//6 99//6
f 107//1 315//1 317//1 109//1
f 103//1 309//1 315//1 107//1
f 142//3 325//3 323//3 140//3
f 142//5 145//5 328//5 325//5
f 157//3 341//3 339//3 155//3
f 155//3 339//3 328//3 145//3
f 157//5 173//5 359//5 341//5
f 184//1 386//1 388//1 186//1
f 388//6 390//6 188//6 186//6
f 200//3 402//3 400//3 198//3
f 200//5 203//5 405//5 402//5
f 207//1 413//1 415//1 209//1
f 188//1 390//1 398//1 190//1
f 398//6 413//6 207//6 190//6
f 109//1 317//1 321//1 111//1
f 198//3 400//3 359//3 173//3
f 101//5 140//5 323//5 307//5
f 321//6 386//6 184//6 111//6
f 101//3 307//3 234//3 30//3
f 428//1 635//1 637//1 430//1
f 436//5 439//5 644//5 641//5
f 430//1 637//1 644//1 439//1
f 453//1 654//1 656//1 455//1
f 453//5 457//5 658//5 654//5
f 461//1 666//1 668//1 463//1
f 668//6 671//6 466//6 463//6
f 476//3 677//3 675//3 474//3
f 445//1 652//1 658//1 457//1
f 474//3 675//3 668//3 463//3
f 445//5 463//5 668//5 652//5
f 508//3 692//3 690//3 506//3
f 520//3 703//3 701//3 518//3
f 701//6 705//6 522//6 518//6
f 522//3 705//3 692//3 508//3
f 690//6 716//6 530//6 506//6
f 424//1 633//1 635//1 428//1
f 530//3 716//3 677//3 476//3
f 424//5 455//5 656//5 633//5
f 646//6 703//6 520//6 441//6
f 550//3 753//3 751//3 548//3
f 560//3 763//3 761//3 558//3
f 558//3 761//3 753//3 550//3
f 570//3 773//3 771//3 568//3
f 568//3 771//3 763//3 560//3
f 548//3 751//3 646//3 441//3
f 912//1 1116//1 1118//1 914//1
f 922//1 1126//1 1128//1 924//1
f 932//1 1136//1 1138//1 934//1
f 924//1 1128//1 1136//1 932//1
f 914//1 1118//1 1126//1 922//1
f 983//1 1166//1 1168//1 985//1
f 981//5 985//5 1168//5 1164//5
f 994//1 1178//1 1180//1 996//1
f 981//1 1164//1 1178//1 994//1
f 970//5 996//5 1180//5 1156//5
f 1010//1 1212//1 1214//1 1012//1
f 1008//5 1012//5 1214//5 1210//5
f 1020//3 1226//3 1224//3 1018//3
f 1032//3 1234//3 1232//3 1030//3
f 1230//6 1234//6 1032//6 1028//6
f 1034//3 1242//3 1230//3 1028//3
f 1224//6 1242//6 1034//6 1018//6
f 1248//6 1251//6 1045//6 1042//6
f 1051//3 1259//3 1257//3 1049//3
f 1049//3 1257//3 1248//3 1042//3
f 970//1 1156//1 1212//1 1010//1
f 1053//3 1263//3 1259//3 1051//3
f 983//5 1040//5 1246//5 1166//5
f 1232//6 1263//6 1053//6 1030//6
f 934//1 1138//1 1246//1 1040//1
f 1275//3 1480//3 1478//3 1273//3
f 1476//6 1480//6 1275//6 1271//6
f 1285//1 1486//1 1488//1 1287//1
f 1301//3 1502//3 1500//3 1299//3
f 1297//5 1299//5 1500//5 1498//5
f 1275//1 1480//1 1486//1 1285//1
f 1297//3 1498//3 1496//3 1289//3
f 1275//5 1289//5 1496//5 1480//5
f 1345//1 1529//1 1531//1 1347//1
f 1361//1 1544//1 1546//1 1363//1
f 1541//6 1544//6 1361//6 1358//6
f 1347//1 1531//1 1541//1 1358//1
f 1513//6 1529//6 1345//6 1327//6
f 1371//3 1578//3 1576//3 1369//3
f 1377//5 1381//5 1586//5 1582//5
f 1377//3 1582//3 1578//3 1371//3
f 1287//1 1488//1 1513//1 1327//1
f 1369//3 1576//3 1574//3 1365//3
f 1301//5 1365//5 1574//5 1502//5
f 1546//6 1584//6 1379//6 1363//6
f 1452//1 1655//1 1657//1 1454//1
f 1462//1 1665//1 1667//1 1464//1
f 1454//1 1657//1 1665//1 1462//1
f 1472//1 1675//1 1677//1 1474//1
f 1464//1 1667//1 1675//1 1472//1
f 1379//1 1584//1 1655//1 1452//1
f 209//1 415//1 666//1 461//1
f 1273//3 1478//3 1226//3 1020//3
f 203//5 1008//5 1210//5 405//5
f 671//6 1476//6 1271//6 466//6
f 211//2 464//2 1269//2 1016//2
f 1223//4 1475//4 670//4 418//4
o OuterBottom
v -0.515625 -0.046875 -0.515625
v -0.515625 -0.046875 -0.421875
v -0.421875 -0.046875 -0.515625
v -0.421875 -0.046875 -0.421875
v -0.609375 -0.046875 -0.328125
v -0.609375 -0.046875 -0.234375
v -0.609375 -0.046875 -0.140625
v -0.609375 -0.046875 -0.046875
v -0.515625 -0.046875 -0.328125
v -0.515625 -0.046875 -0.234375
v -0.421875 -0.046875 -0.328125
v -0.421875 -0.046875 -0.234375
v -0.515625 -0.046875 -0.140625
v -0.515625 -0.046875 -0.046875
v -0.421875 -0.046875 -0.140625
v -0.421875 -0.046875 -0.046875
v -0.328125 -0.046875 -0.609375
v -0.234375 -0.046875 -0.609375
v -0.328125 -0.046875 -0.515625
v -0.328125 -0.046875 -0.421875
v -0.234375 -0.046875 -0.515625
v -0.234375 -0.046875 -0.421875
v -0.140625 -0.046875 -0.609375
v -0.046875 -0.046875 -0.609375
v -0.140625 -0.046875 -0.515625
v -0.140625 -0.046875 -0.421875
v -0.046875 -0.046875 -0.515625
v -0.046875 -0.046875 -0.421875
v -0.328125 -0.046875 -0.328125
v -0.328125 -0.046875 -0.234375
v -0.234375 -0.046875 -0.328125
v -0.234375 -0.046875 -0.234375
v -0.328125 -0.046875 -0.140625
v -0.328125 -0.046875 -0.046875
v -0.234375 -0.046875 -0.140625
v -0.234375 -0.046875 -0.046875
v -0.140625 -0.046875 -0.328125
v -0.140625 -0.046875 -0.234375
v -0.046875 -0.046875 -0.328125
v -0.046875 -0.046875 -0.234375
v -0.140625 -0.046875 -0.140625
v -0.140625 -0.046875 -0.046875
v -0.046875 -0.046875 -0.140625
v -0.046875 -0.046875 -0.046875
v -0.515625 0.046875 -0.515625
v -0.515625 0.046875 -0.421875
v -0.515625 0.140625 -0.515625
v -0.515625 0.140625 -0.421875
v -0.421875 0.046875 -0.515625
v -0.421875 0.140625 -0.515625
v -0.515625 0.234375 -0.515625
v -0.515625 0.234375 -0.421875
v -0.421875 0.234375 -0.515625
v -0.421875 0.234375 -0.421875
v -0.609375 0.046875 -0.328125
v -0.609375 0.046875 -0.234375
v -0.609375 0.140625 -0.328125
v -0.609375 0.140625 -0.234375
v -0.609375 0.046875 -0.140625
v -0.609375 0.046875 -0.046875
v -0.609375 0.140625 -0.140625
v -0.609375 0.140625 -0.046875
v -0.609375 0.234375 -0.328125
v -0.609375 0.234375 -0.234375
v -0.609375 0.234375 -0.140625
v -0.609375 0.234375 -0.046875
v -0.515625 0.046875 -0.328125
v -0.515625 0.140625 -0.328125
v -0.515625 0.234375 -0.328125
v -0.515625 0.234375 -0.234375
v -0.421875 0.234375 -0.328125
v -0.421875 0.234375 -0.234375
v -0.515625 0.234375 -0.140625
v -0.421875 0.234375 -0.140625
v -0.421875 0.234375 -0.046875
v -0.328125 0.046875 -0.609375
v -0.328125 0.140625 -0.609375
v -0.234375 0.046875 -0.609375
v -0.234375 0.140625 -0.609375
v -0.328125 0.046875 -0.515625
v -0.328125 0.140625 -0.515625
v -0.328125 0.234375 -0.609375
v -0.234375 0.234375 -0.609375
v -0.328125 0.234375 -0.515625
v -0.328125 0.234375 -0.421875
v -0.234375 0.234375 -0.515625
v -0.234375 0.234375 -0.421875
v -0.140625 0.046875 -0.609375
v -0.140625 0.140625 -0.609375
v -0.046875 0.046875 -0.609375
v -0.046875 0.140625 -0.609375
v -0.140625 0.234375 -0.609375
v -0.046875 0.234375 -0.609375
v -0.140625 0.234375 -0.515625
v -0.140625 0.234375 -0.421875
v -0.046875 0.234375 -0.515625
v -0.046875 0.234375 -0.421875
v -0.328125 0.234375 -0.328125
v -0.328125 0.234375 -0.234375
v -0.234375 0.234375 -0.328125
v -0.234375 0.234375 -0.234375
v -0.328125 0.234375 -0.140625
v -0.328125 0.234375 -0.046875
v -0.234375 0.234375 -0.140625
v -0.234375 0.234375 -0.046875
v -0.140625 0.234375 -0.328125
v -0.140625 0.234375 -0.234375
v -0.046875 0.234375 -0.328125
v -0.046875 0.234375 -0.234375
v -0.140625 0.234375 -0.140625
v -0.140625 0.234375 -0.046875
v -0.046875 0.234375 -0.140625
v -0.046875 0.234375 -0.046875
v -0.609375 -0.046875 0.046875
v -0.609375 -0.046875 0.140625
v -0.609375 -0.046875 0.234375
v -0.609375 -0.046875 0.328125
v -0.515625 -0.046875 0.046875
v -0.515625 -0.046875 0.140625
v -0.421875 -0.046875 0.046875
v -0.421875 -0.046875 0.140625
v -0.515625 -0.046875 0.234375
v -0.515625 -0.046875 0.328125
v -0.421875 -0.046875 0.234375
v -0.421875 -0.046875 0.328125
v -0.515625 -0.046875 0.421875
v -0.515625 -0.046875 0.515625
v -0.421875 -0.046875 0.421875
v -0.421875 -0.046875 0.515625
v -0.328125 -0.046875 0.046875
v -0.328125 -0.046875 0.140625
v -0.234375 -0.046875 0.046875
v -0.234375 -0.046875 0.140625
v -0.328125 -0.046875 0.234375
v -0.328125 -0.046875 0.328125
v -0.234375 -0.046875 0.234375
v -0.234375 -0.046875 0.328125
v -0.140625 -0.046875 0.046875
v -0.140625 -0.046875 0.140625
v -0.046875 -0.046875 0.046875
v -0.046875 -0.046875 0.140625
v -0.140625 -0.046875 0.234375
v -0.140625 -0.046875 0.328125
v -0.046875 -0.046875 0.234375
v -0.046875 -0.046875 0.328125
v -0.328125 -0.046875 0.421875
v -0.328125 -0.046875 0.515625
v -0.234375 -0.046875 0.421875
v -0.234375 -0.046875 0.515625
v -0.328125 -0.046875 0.609375
v -0.234375 -0.046875 0.609375
v -0.140625 -0.046875 0.421875
v -0.140625 -0.046875 0.515625
v -0.046875 -0.046875 0.421875
v -0.046875 -0.046875 0.515625
v -0.140625 -0.046875 0.609375
v -0.046875 -0.046875 0.609375
v -0.609375 0.046875 0.046875
v -0.609375 0.046875 0.140625
v -0.609375 0.140625 0.046875
v -0.609375 0.140625 0.140625
v -0.609375 0.046875 0.234375
v -0.609375 0.046875 0.328125
v -0.609375 0.140625 0.234375
v -0.609375 0.140625 0.328125
v -0.609375 0.234375 0.046875
v -0.609375 0.234375 0.140625
v -0.609375 0.234375 0.234375
v -0.609375 0.234375 0.328125
v -0.515625 0.046875 0.328125
v -0.515625 0.140625 0.328125
v -0.515625 0.234375 0.140625
v -0.421875 0.234375 0.046875
v -0.421875 0.234375 0.140625
v -0.515625 0.234375 0.234375
v -0.515625 0.234375 0.328125
v -0.421875 0.234375 0.234375
v -0.421875 0.234375 0.328125
v -0.515625 0.046875 0.421875
v -0.515625 0.046875 0.515625
v -0.515625 0.140625 0.421875
v -0.515625 0.140625 0.515625
v -0.421875 0.046875 0.515625
v -0.421875 0.140625 0.515625
v -0.515625 0.234375 0.421875
v -0.515625 0.234375 0.515625
v -0.421875 0.234375 0.421875
v -0.421875 0.234375 0.515625
v -0.328125 0.234375 0.046875
v -0.328125 0.234375 0.140625
v -0.234375 0.234375 0.046875
v -0.234375 0.234375 0.140625
v -0.328125 0.234375 0.234375
v -0.328125 0.234375 0.328125
v -0.234375 0.234375 0.234375
v -0.234375 0.234375 0.328125
v -0.140625 0.234375 0.046875
v -0.140625 0.234375 0.140625
v -0.046875 0.234375 0.046875
v -0.046875 0.234375 0.140625
v -0.140625 0.234375 0.234375
v -0.140625 0.234375 0.328125
v -0.046875 0.234375 0.234375
v -0.046875 0.234375 0.328125
v -0.328125 0.046875 0.515625
v -0.328125 0.140625 0.515625
v -0.328125 0.046875 0.609375
v -0.328125 0.140625 0.609375
v -0.234375 0.046875 0.609375
v -0.234375 0.140625 0.609375
v -0.328125 0.234375 0.421875
v -0.328125 0.234375 0.515625
v -0.234375 0.234375 0.421875
v -0.234375 0.234375 0.515625
v -0.328125 0.234375 0.609375
v -0.234375 0.234375 0.609375
v -0.140625 0.046875 0.609375
v -0.140625 0.140625 0.609375
v -0.046875 0.046875 0.609375
v -0.046875 0.140625 0.609375
v -0.140625 0.234375 0.421875
v -0.140625 0.234375 0.515625
v -0.046875 0.234375 0.421875
v -0.046875 0.234375 0.515625
v -0.140625 0.234375 0.609375
v -0.046875 0.234375 0.609375
v 0.046875 -0.046875 -0.609375
v 0.140625 -0.046875 -0.609375
v 0.046875 -0.046875 -0.515625
v 0.046875 -0.046875 -0.421875
v 0.140625 -0.046875 -0.515625
v 0.140625 -0.046875 -0.421875
v 0.234375 -0.046875 -0.609375
v 0.328125 -0.046875 -0.609375
v 0.234375 -0.046875 -0.515625
v 0.234375 -0.046875 -0.421875
v 0.328125 -0.046875 -0.515625
v 0.328125 -0.046875 -0.421875
v 0.046875 -0.046875 -0.328125
v 0.046875 -0.046875 -0.234375
v 0.140625 -0.046875 -0.328125
v 0.140625 -0.046875 -0.234375
v 0.046875 -0.046875 -0.140625
v 0.046875 -0.046875 -0.046875
v 0.140625 -0.046875 -0.140625
v 0.140625 -0.046875 -0.046875
v 0.234375 -0.046875 -0.328125
v 0.234375 -0.046875 -0.234375
v 0.328125 -0.046875 -0.328125
v 0.328125 -0.046875 -0.234375
v 0.234375 -0.046875 -0.140625
v 0.234375 -0.046875 -0.046875
v 0.328125 -0.046875 -0.140625
v 0.328125 -0.046875 -0.046875
v 0.421875 -0.046875 -0.515625
v 0.421875 -0.046875 -0.421875
v 0.515625 -0.046875 -0.515625
v 0.515625 -0.046875 -0.421875
v 0.421875 -0.046875 -0.328125
v 0.421875 -0.046875 -0.234375
v 0.515625 -0.046875 -0.328125
v 0.515625 -0.046875 -0.234375
v 0.421875 -0.046875 -0.140625
v 0.421875 -0.046875 -0.046875
v 0.515625 -0.046875 -0.140625
v 0.515625 -0.046875 -0.046875
v 0.609375 -0.046875 -0.328125
v 0.609375 -0.046875 -0.234375
v 0.609375 -0.046875 -0.140625
v 0.609375 -0.046875 -0.046875
v 0.046875 0.046875 -0.609375
v 0.046875 0.140625 -0.609375
v 0.140625 0.046875 -0.609375
v 0.140625 0.140625 -0.609375
v 0.046875 0.234375 -0.609375
v 0.140625 0.234375 -0.609375
v 0.046875 0.234375 -0.515625
v 0.046875 0.234375 -0.421875
v 0.140625 0.234375 -0.515625
v 0.140625 0.234375 -0.421875
v 0.234375 0.046875 -0.609375
v 0.234375 0.140625 -0.609375
v 0.328125 0.046875 -0.609375
v 0.328125 0.140625 -0.609375
v 0.328125 0.046875 -0.515625
v 0.328125 0.140625 -0.515625
v 0.234375 0.234375 -0.609375
v 0.328125 0.234375 -0.609375
v 0.234375 0.234375 -0.515625
v 0.234375 0.234375 -0.421875
v 0.328125 0.234375 -0.515625
v 0.328125 0.234375 -0.421875
v 0.046875 0.234375 -0.328125
v 0.046875 0.234375 -0.234375
v 0.140625 0.234375 -0.328125
v 0.140625 0.234375 -0.234375
v 0.046875 0.234375 -0.140625
v 0.046875 0.234375 -0.046875
v 0.140625 0.234375 -0.140625
v 0.140625 0.234375 -0.046875
v 0.234375 0.234375 -0.328125
v 0.234375 0.234375 -0.234375
v 0.328125 0.234375 -0.328125
v 0.328125 0.234375 -0.234375
v 0.234375 0.234375 -0.140625
v 0.234375 0.234375 -0.046875
v 0.328125 0.234375 -0.140625
v 0.328125 0.234375 -0.046875
v 0.421875 0.046875 -0.515625
v 0.421875 0.140625 -0.515625
v 0.515625 0.046875 -0.515625
v 0.515625 0.046875 -0.421875
v 0.515625 0.140625 -0.515625
v 0.515625 0.140625 -0.421875
v 0.421875 0.234375 -0.515625
v 0.421875 0.234375 -0.421875
v 0.515625 0.234375 -0.515625
v 0.515625 0.234375 -0.421875
v 0.515625 0.046875 -0.328125
v 0.515625 0.140625 -0.328125
v 0.421875 0.234375 -0.328125
v 0.421875 0.234375 -0.234375
v 0.515625 0.234375 -0.328125
v 0.515625 0.234375 -0.234375
v 0.421875 0.234375 -0.140625
v 0.421875 0.234375 -0.046875
v 0.515625 0.234375 -0.140625
v 0.609375 0.046875 -0.328125
v 0.609375 0.046875 -0.234375
v 0.609375 0.140625 -0.328125
v 0.609375 0.140625 -0.234375
v 0.609375 0.046875 -0.140625
v 0.609375 0.046875 -0.046875
v 0.609375 0.140625 -0.140625
v 0.609375 0.140625 -0.046875
v 0.609375 0.234375 -0.328125
v 0.609375 0.234375 -0.234375
v 0.609375 0.234375 -0.140625
v 0.609375 0.234375 -0.046875
v 0.046875 -0.046875 0.046875
v 0.046875 -0.046875 0.140625
v 0.140625 -0.046875 0.046875
v 0.140625 -0.046875 0.140625
v 0.046875 -0.046875 0.234375
v 0.046875 -0.046875 0.328125
v 0.140625 -0.046875 0.234375
v 0.140625 -0.046875 0.328125
v 0.234375 -0.046875 0.046875
v 0.234375 -0.046875 0.140625
v 0.328125 -0.046875 0.046875
v 0.328125 -0.046875 0.140625
v 0.234375 -0.046875 0.234375
v 0.234375 -0.046875 0.328125
v 0.328125 -0.046875 0.234375
v 0.328125 -0.046875 0.328125
v 0.046875 -0.046875 0.421875
v 0.046875 -0.046875 0.515625
v 0.140625 -0.046875 0.421875
v 0.140625 -0.046875 0.515625
v 0.046875 -0.046875 0.609375
v 0.140625 -0.046875 0.609375
v 0.234375 -0.046875 0.421875
v 0.234375 -0.046875 0.515625
v 0.328125 -0.046875 0.421875
v 0.328125 -0.046875 0.515625
v 0.234375 -0.046875 0.609375
v 0.328125 -0.046875 0.609375
v 0.421875 -0.046875 0.046875
v 0.421875 -0.046875 0.140625
v 0.515625 -0.046875 0.046875
v 0.515625 -0.046875 0.140625
v 0.421875 -0.046875 0.234375
v 0.421875 -0.046875 0.328125
v 0.515625 -0.046875 0.234375
v 0.515625 -0.046875 0.328125
v 0.609375 -0.046875 0.046875
v 0.609375 -0.046875 0.140625
v 0.609375 -0.046875 0.234375
v 0.609375 -0.046875 0.328125
v 0.421875 -0.046875 0.421875
v 0.421875 -0.046875 0.515625
v 0.515625 -0.046875 0.421875
v 0.515625 -0.046875 0.515625
v 0.046875 0.234375 0.046875
v 0.046875 0.234375 0.140625
v 0.140625 0.234375 0.046875
v 0.140625 0.234375 0.140625
v 0.046875 0.234375 0.234375
v 0.046875 0.234375 0.328125
v 0.140625 0.234375 0.234375
v 0.140625 0.234375 0.328125
v 0.234375 0.234375 0.046875
v 0.234375 0.234375 0.140625
v 0.328125 0.234375 0.046875
v 0.328125 0.234375 0.140625
v 0.234375 0.234375 0.234375
v 0.234375 0.234375 0.328125
v 0.328125 0.234375 0.234375
v 0.328125 0.234375 0.328125
v 0.046875 0.046875 0.609375
v 0.046875 0.140625 0.609375
v 0.140625 0.046875 0.609375
v 0.140625 0.140625 0.609375
v 0.046875 0.234375 0.421875
v 0.046875 0.234375 0.515625
v 0.140625 0.234375 0.421875
v 0.140625 0.234375 0.515625
v 0.046875 0.234375 0.609375
v 0.140625 0.234375 0.609375
v 0.328125 0.046875 0.515625
v 0.328125 0.140625 0.515625
v 0.234375 0.046875 0.609375
v 0.234375 0.140625 0.609375
v 0.328125 0.046875 0.609375
v 0.328125 0.140625 0.609375
v 0.234375 0.234375 0.421875
v 0.234375 0.234375 0.515625
v 0.328125 0.234375 0.421875
v 0.328125 0.234375 0.515625
v 0.234375 0.234375 0.609375
v 0.328125 0.234375 0.609375
v 0.515625 0.046875 0.328125
v 0.515625 0.140625 0.328125
v 0.421875 0.234375 0.046875
v 0.421875 0.234375 0.140625
v 0.515625 0.234375 0.140625
v 0.421875 0.234375 0.234375
v 0.421875 0.234375 0.328125
v 0.515625 0.234375 0.234375
v 0.515625 0.234375 0.328125
v 0.609375 0.046875 0.046875
v 0.609375 0.046875 0.140625
v 0.609375 0.140625 0.046875
v 0.609375 0.140625 0.140625
v 0.609375 0.046875 0.234375
v 0.609375 0.046875 0.328125
v 0.609375 0.140625 0.234375
v 0.609375 0.140625 0.328125
v 0.609375 0.234375 0.046875
v 0.609375 0.234375 0.140625
v 0.609375 0.234375 0.234375
v 0.609375 0.234375 0.328125
v 0.421875 0.046875 0.515625
v 0.421875 0.140625 0.515625
v 0.515625 0.046875 0.421875
v 0.515625 0.046875 0.515625
v 0.515625 0.140625 0.421875
v 0.515625 0.140625 0.515625
v 0.421875 0.234375 0.421875
v 0.421875 0.234375 0.515625
v 0.515625 0.234375 0.421875
v 0.515625 0.234375 0.515625
vn -0.0000 -1.0000 -0.0000
vn -1.0000 -0.0000 -0.0000
vn -0.0000 -0.0000 -1.0000
vn -0.0000 1.0000 -0.0000
vn -0.0000 -0.0000 1.0000
vn 1.0000 -0.0000 -0.0000
s 0
usemtl Red
f 1685//7 1687//7 1688//7 1686//7
f 1693//7 1695//7 1696//7 1694//7
f 1697//7 1699//7 1700//7 1698//7
f 1689//7 1693//7 1694//7 1690//7
f 1691//7 1697//7 1698//7 1692//7
f 1694//7 1696//7 1699//7 1697//7
f 1690//7 1694//7 1697//7 1691//7
f 1703//7 1705//7 1706//7 1704//7
f 1709//7 1711//7 1712//7 1710//7
f 1705//7 1709//7 1710//7 1706//7
f 1701//7 1702//7 1705//7 1703//7
f 1707//7 1708//7 1711//7 1709//7
f 1702//7 1707//7 1709//7 1705//7
f 1713//7 1715//7 1716//7 1714//7
f 1717//7 1719//7 1720//7 1718//7
f 1721//7 1723//7 1724//7 1722//7
f 1725//7 1727//7 1728//7 1726//7
f 1715//7 1721//7 1722//7 1716//7
f 1719//7 1725//7 1726//7 1720//7
f 1714//7 1716//7 1719//7 1717//7
f 1722//7 1724//7 1727//7 1725//7
f 1716//7 1722//7 1725//7 1719//7
f 1687//7 1703//7 1704//7 1688//7
f 1695//7 1713//7 1714//7 1696//7
f 1699//7 1717//7 1718//7 1700//7
f 1696//7 1714//7 1717//7 1699//7
f 1686//7 1688//7 1695//7 1693//7
f 1704//7 1706//7 1715//7 1713//7
f 1710//7 1712//7 1723//7 1721//7
f 1706//7 1710//7 1721//7 1715//7
f 1688//7 1704//7 1713//7 1695//7
f 1729//8 1730//8 1732//8 1731//8
f 1729//9 1731//9 1734//9 1733//9
f 1736//10 1738//10 1737//10 1735//10
f 1731//8 1732//8 1736//8 1735//8
f 1731//9 1735//9 1737//9 1734//9
f 1739//8 1740//8 1742//8 1741//8
f 1743//8 1744//8 1746//8 1745//8
f 1754//10 1756//10 1755//10 1753//10
f 1739//9 1741//9 1752//9 1751//9
f 1748//10 1754//10 1753//10 1747//10
f 1741//8 1742//8 1748//8 1747//8
f 1745//8 1746//8 1750//8 1749//8
f 1740//8 1743//8 1745//8 1742//8
f 1742//8 1745//8 1749//8 1748//8
f 1749//10 1757//10 1754//10 1748//10
f 1741//9 1747//9 1753//9 1752//9
f 1760//9 1761//9 1763//9 1762//9
f 1769//10 1771//10 1770//10 1768//10
f 1772//9 1773//9 1775//9 1774//9
f 1762//9 1763//9 1773//9 1772//9
f 1761//9 1766//9 1767//9 1763//9
f 1773//9 1776//9 1777//9 1775//9
f 1760//8 1764//8 1765//8 1761//8
f 1768//10 1770//10 1767//10 1766//10
f 1778//10 1780//10 1777//10 1776//10
f 1761//8 1765//8 1768//8 1766//8
f 1770//10 1778//10 1776//10 1767//10
f 1763//9 1767//9 1776//9 1773//9
f 1783//10 1785//10 1784//10 1782//10
f 1787//10 1789//10 1788//10 1786//10
f 1791//10 1793//10 1792//10 1790//10
f 1795//10 1797//10 1796//10 1794//10
f 1785//10 1791//10 1790//10 1784//10
f 1789//10 1795//10 1794//10 1788//10
f 1786//10 1788//10 1785//10 1783//10
f 1794//10 1796//10 1793//10 1791//10
f 1788//10 1794//10 1791//10 1785//10
f 1733//9 1734//9 1765//9 1764//9
f 1738//10 1769//10 1768//10 1737//10
f 1734//9 1737//9 1768//9 1765//9
f 1759//10 1787//10 1786//10 1758//10
f 1758//10 1786//10 1783//10 1756//10
f 1730//8 1751//8 1752//8 1732//8
f 1753//10 1755//10 1738//10 1736//10
f 1732//8 1752//8 1753//8 1736//8
f 1790//10 1792//10 1781//10 1779//10
f 1784//10 1790//10 1779//10 1771//10
f 1755//10 1782//10 1769//10 1738//10
f 1685//8 1686//8 1730//8 1729//8
f 1685//9 1729//9 1733//9 1687//9
f 1701//9 1760//9 1762//9 1702//9
f 1707//9 1772//9 1774//9 1708//9
f 1701//8 1703//8 1764//8 1760//8
f 1702//9 1762//9 1772//9 1707//9
f 1689//8 1690//8 1740//8 1739//8
f 1691//8 1692//8 1744//8 1743//8
f 1690//8 1691//8 1743//8 1740//8
f 1689//9 1739//9 1751//9 1693//9
f 1686//8 1693//8 1751//8 1730//8
f 1687//9 1733//9 1764//9 1703//9
f 1802//7 1804//7 1805//7 1803//7
f 1806//7 1808//7 1809//7 1807//7
f 1798//7 1802//7 1803//7 1799//7
f 1800//7 1806//7 1807//7 1801//7
f 1803//7 1805//7 1808//7 1806//7
f 1799//7 1803//7 1806//7 1800//7
f 1810//7 1812//7 1813//7 1811//7
f 1814//7 1816//7 1817//7 1815//7
f 1818//7 1820//7 1821//7 1819//7
f 1822//7 1824//7 1825//7 1823//7
f 1826//7 1828//7 1829//7 1827//7
f 1816//7 1822//7 1823//7 1817//7
f 1820//7 1826//7 1827//7 1821//7
f 1815//7 1817//7 1820//7 1818//7
f 1823//7 1825//7 1828//7 1826//7
f 1817//7 1823//7 1826//7 1820//7
f 1830//7 1832//7 1833//7 1831//7
f 1836//7 1838//7 1839//7 1837//7
f 1832//7 1836//7 1837//7 1833//7
f 1831//7 1833//7 1835//7 1834//7
f 1837//7 1839//7 1841//7 1840//7
f 1833//7 1837//7 1840//7 1835//7
f 1804//7 1814//7 1815//7 1805//7
f 1808//7 1818//7 1819//7 1809//7
f 1805//7 1815//7 1818//7 1808//7
f 1812//7 1830//7 1831//7 1813//7
f 1807//7 1809//7 1812//7 1810//7
f 1819//7 1821//7 1832//7 1830//7
f 1827//7 1829//7 1838//7 1836//7
f 1821//7 1827//7 1836//7 1832//7
f 1809//7 1819//7 1830//7 1812//7
f 1842//8 1843//8 1845//8 1844//8
f 1846//8 1847//8 1849//8 1848//8
f 1860//10 1862//10 1861//10 1859//10
f 1854//11 1855//11 1849//11 1847//11
f 1853//10 1860//10 1859//10 1852//10
f 1844//8 1845//8 1851//8 1850//8
f 1848//8 1849//8 1853//8 1852//8
f 1843//8 1846//8 1848//8 1845//8
f 1845//8 1848//8 1852//8 1851//8
f 1852//10 1859//10 1856//10 1851//10
f 1855//11 1860//11 1853//11 1849//11
f 1863//8 1864//8 1866//8 1865//8
f 1867//11 1868//11 1866//11 1864//11
f 1870//10 1872//10 1871//10 1869//10
f 1865//8 1866//8 1870//8 1869//8
f 1868//11 1872//11 1870//11 1866//11
f 1874//10 1876//10 1875//10 1873//10
f 1878//10 1880//10 1879//10 1877//10
f 1882//10 1884//10 1883//10 1881//10
f 1886//10 1888//10 1887//10 1885//10
f 1876//10 1882//10 1881//10 1875//10
f 1880//10 1886//10 1885//10 1879//10
f 1877//10 1879//10 1876//10 1874//10
f 1885//10 1887//10 1884//10 1882//10
f 1879//10 1885//10 1882//10 1876//10
f 1893//11 1894//11 1892//11 1891//11
f 1896//10 1898//10 1897//10 1895//10
f 1903//11 1904//11 1902//11 1901//11
f 1901//11 1902//11 1894//11 1893//11
f 1894//11 1900//11 1899//11 1892//11
f 1904//11 1910//11 1909//11 1902//11
f 1889//8 1891//8 1892//8 1890//8
f 1899//10 1900//10 1898//10 1896//10
f 1909//10 1910//10 1908//10 1906//10
f 1890//8 1892//8 1899//8 1896//8
f 1900//10 1909//10 1906//10 1898//10
f 1902//11 1909//11 1900//11 1894//11
f 1858//10 1874//10 1873//10 1857//10
f 1861//10 1877//10 1874//10 1858//10
f 1889//11 1890//11 1868//11 1867//11
f 1872//10 1896//10 1895//10 1871//10
f 1890//11 1896//11 1872//11 1868//11
f 1854//8 1863//8 1865//8 1855//8
f 1869//10 1871//10 1862//10 1860//10
f 1855//8 1865//8 1869//8 1860//8
f 1905//10 1907//10 1888//10 1886//10
f 1897//10 1905//10 1886//10 1880//10
f 1871//10 1895//10 1878//10 1862//10
f 1798//8 1799//8 1843//8 1842//8
f 1800//8 1801//8 1847//8 1846//8
f 1799//8 1800//8 1846//8 1843//8
f 1807//11 1854//11 1847//11 1801//11
f 1810//8 1811//8 1864//8 1863//8
f 1813//11 1867//11 1864//11 1811//11
f 1835//11 1893//11 1891//11 1834//11
f 1841//11 1903//11 1901//11 1840//11
f 1831//8 1834//8 1891//8 1889//8
f 1840//11 1901//11 1893//11 1835//11
f 1807//8 1810//8 1863//8 1854//8
f 1831//11 1889//11 1867//11 1813//11
f 1913//7 1915//7 1916//7 1914//7
f 1919//7 1921//7 1922//7 1920//7
f 1915//7 1919//7 1920//7 1916//7
f 1911//7 1912//7 1915//7 1913//7
f 1917//7 1918//7 1921//7 1919//7
f 1912//7 1917//7 1919//7 1915//7
f 1923//7 1925//7 1926//7 1924//7
f 1927//7 1929//7 1930//7 1928//7
f 1931//7 1933//7 1934//7 1932//7
f 1935//7 1937//7 1938//7 1936//7
f 1925//7 1931//7 1932//7 1926//7
f 1929//7 1935//7 1936//7 1930//7
f 1924//7 1926//7 1929//7 1927//7
f 1932//7 1934//7 1937//7 1935//7
f 1926//7 1932//7 1935//7 1929//7
f 1939//7 1941//7 1942//7 1940//7
f 1943//7 1945//7 1946//7 1944//7
f 1947//7 1949//7 1950//7 1948//7
f 1945//7 1951//7 1952//7 1946//7
f 1949//7 1953//7 1954//7 1950//7
f 1944//7 1946//7 1949//7 1947//7
f 1946//7 1952//7 1953//7 1949//7
f 1921//7 1939//7 1940//7 1922//7
f 1933//7 1943//7 1944//7 1934//7
f 1937//7 1947//7 1948//7 1938//7
f 1934//7 1944//7 1947//7 1937//7
f 1914//7 1916//7 1925//7 1923//7
f 1920//7 1922//7 1933//7 1931//7
f 1916//7 1920//7 1931//7 1925//7
f 1940//7 1942//7 1945//7 1943//7
f 1922//7 1940//7 1943//7 1933//7
f 1955//9 1956//9 1958//9 1957//9
f 1965//9 1966//9 1968//9 1967//9
f 1974//10 1976//10 1975//10 1973//10
f 1957//9 1958//9 1966//9 1965//9
f 1956//9 1959//9 1960//9 1958//9
f 1966//9 1971//9 1972//9 1968//9
f 1961//10 1963//10 1960//10 1959//10
f 1968//12 1970//12 1969//12 1967//12
f 1973//10 1975//10 1972//10 1971//10
f 1972//12 1975//12 1970//12 1968//12
f 1963//10 1973//10 1971//10 1960//10
f 1958//9 1960//9 1971//9 1966//9
f 1978//10 1980//10 1979//10 1977//10
f 1982//10 1984//10 1983//10 1981//10
f 1986//10 1988//10 1987//10 1985//10
f 1990//10 1992//10 1991//10 1989//10
f 1980//10 1986//10 1985//10 1979//10
f 1984//10 1990//10 1989//10 1983//10
f 1981//10 1983//10 1980//10 1978//10
f 1989//10 1991//10 1988//10 1986//10
f 1983//10 1989//10 1986//10 1980//10
f 1997//12 1998//12 1996//12 1995//12
f 1993//9 1994//9 1997//9 1995//9
f 2000//10 2002//10 2001//10 1999//10
f 2001//12 2002//12 1998//12 1997//12
f 1994//9 1999//9 2001//9 1997//9
f 2006//10 2008//10 2007//10 2005//10
f 2014//12 2015//12 2013//12 2012//12
f 2018//12 2019//12 2017//12 2016//12
f 2003//9 2004//9 2014//9 2012//9
f 2008//10 2021//10 2020//10 2007//10
f 2020//12 2021//12 2015//12 2014//12
f 2022//12 2023//12 2019//12 2018//12
f 2015//12 2018//12 2016//12 2013//12
f 2021//12 2022//12 2018//12 2015//12
f 2011//10 2022//10 2021//10 2008//10
f 2004//9 2007//9 2020//9 2014//9
f 1969//9 1970//9 1994//9 1993//9
f 1976//10 2000//10 1999//10 1975//10
f 1970//9 1975//9 1999//9 1994//9
f 1992//10 2010//10 2009//10 1991//10
f 1991//10 2009//10 2006//10 1988//10
f 1977//10 1979//10 1964//10 1962//10
f 1979//10 1985//10 1974//10 1964//10
f 1998//12 2004//12 2003//12 1996//12
f 2005//10 2007//10 2002//10 2000//10
f 2002//12 2007//12 2004//12 1998//12
f 1987//10 2005//10 2000//10 1976//10
f 1911//9 1955//9 1957//9 1912//9
f 1917//9 1965//9 1967//9 1918//9
f 1967//12 1969//12 1921//12 1918//12
f 1912//9 1957//9 1965//9 1917//9
f 1995//12 1996//12 1942//12 1941//12
f 1939//9 1993//9 1995//9 1941//9
f 2012//12 2013//12 1952//12 1951//12
f 2016//12 2017//12 1954//12 1953//12
f 2013//12 2016//12 1953//12 1952//12
f 1945//9 2003//9 2012//9 1951//9
f 1996//12 2003//12 1945//12 1942//12
f 1921//9 1969//9 1993//9 1939//9
f 2024//7 2026//7 2027//7 2025//7
f 2028//7 2030//7 2031//7 2029//7
f 2032//7 2034//7 2035//7 2033//7
f 2036//7 2038//7 2039//7 2037//7
f 2026//7 2032//7 2033//7 2027//7
f 2030//7 2036//7 2037//7 2031//7
f 2025//7 2027//7 2030//7 2028//7
f 2033//7 2035//7 2038//7 2036//7
f 2027//7 2033//7 2036//7 2030//7
f 2040//7 2042//7 2043//7 2041//7
f 2046//7 2048//7 2049//7 2047//7
f 2042//7 2046//7 2047//7 2043//7
f 2041//7 2043//7 2045//7 2044//7
f 2047//7 2049//7 2051//7 2050//7
f 2043//7 2047//7 2050//7 2045//7
f 2052//7 2054//7 2055//7 2053//7
f 2056//7 2058//7 2059//7 2057//7
f 2054//7 2060//7 2061//7 2055//7
f 2058//7 2062//7 2063//7 2059//7
f 2053//7 2055//7 2058//7 2056//7
f 2055//7 2061//7 2062//7 2058//7
f 2064//7 2066//7 2067//7 2065//7
f 2034//7 2052//7 2053//7 2035//7
f 2038//7 2056//7 2057//7 2039//7
f 2035//7 2053//7 2056//7 2038//7
f 2048//7 2064//7 2065//7 2049//7
f 2029//7 2031//7 2042//7 2040//7
f 2037//7 2039//7 2048//7 2046//7
f 2031//7 2037//7 2046//7 2042//7
f 2057//7 2059//7 2066//7 2064//7
f 2039//7 2057//7 2064//7 2048//7
f 2069//10 2071//10 2070//10 2068//10
f 2073//10 2075//10 2074//10 2072//10
f 2077//10 2079//10 2078//10 2076//10
f 2081//10 2083//10 2082//10 2080//10
f 2071//10 2077//10 2076//10 2070//10
f 2075//10 2081//10 2080//10 2074//10
f 2072//10 2074//10 2071//10 2069//10
f 2080//10 2082//10 2079//10 2077//10
f 2074//10 2080//10 2077//10 2071//10
f 2086//11 2087//11 2085//11 2084//11
f 2098//11 2099//11 2097//11 2096//11
f 2101//10 2103//10 2102//10 2100//10
f 2096//11 2097//11 2087//11 2086//11
f 2087//11 2093//11 2092//11 2085//11
f 2099//11 2105//11 2104//11 2097//11
f 2092//10 2093//10 2091//10 2089//10
f 2095//12 2099//12 2098//12 2094//12
f 2104//10 2105//10 2103//10 2101//10
f 2103//12 2105//12 2099//12 2095//12
f 2093//10 2104//10 2101//10 2091//10
f 2097//11 2104//11 2093//11 2087//11
f 2112//10 2114//10 2113//10 2111//10
f 2117//12 2118//12 2116//12 2115//12
f 2121//12 2122//12 2120//12 2119//12
f 2120//11 2122//11 2107//11 2106//11
f 2114//10 2126//10 2125//10 2113//10
f 2123//12 2124//12 2118//12 2117//12
f 2125//12 2126//12 2122//12 2121//12
f 2118//12 2121//12 2119//12 2116//12
f 2124//12 2125//12 2121//12 2118//12
f 2113//10 2125//10 2124//10 2110//10
f 2122//11 2126//11 2114//11 2107//11
f 2131//12 2132//12 2130//12 2129//12
f 2130//11 2132//11 2128//11 2127//11
f 2134//10 2136//10 2135//10 2133//10
f 2135//12 2136//12 2132//12 2131//12
f 2132//11 2136//11 2134//11 2128//11
f 2079//10 2109//10 2108//10 2078//10
f 2082//10 2111//10 2109//10 2079//10
f 2127//11 2128//11 2095//11 2094//11
f 2103//10 2134//10 2133//10 2102//10
f 2128//11 2134//11 2103//11 2095//11
f 2088//10 2090//10 2075//10 2073//10
f 2090//10 2100//10 2081//10 2075//10
f 2107//12 2131//12 2129//12 2106//12
f 2133//10 2135//10 2114//10 2112//10
f 2114//12 2135//12 2131//12 2107//12
f 2102//10 2133//10 2112//10 2083//10
f 2115//12 2116//12 2061//12 2060//12
f 2119//12 2120//12 2063//12 2062//12
f 2116//12 2119//12 2062//12 2061//12
f 2063//11 2120//11 2106//11 2059//11
f 2045//11 2086//11 2084//11 2044//11
f 2051//11 2098//11 2096//11 2050//11
f 2094//12 2098//12 2051//12 2049//12
f 2050//11 2096//11 2086//11 2045//11
f 2129//12 2130//12 2067//12 2066//12
f 2067//11 2130//11 2127//11 2065//11
f 2106//12 2129//12 2066//12 2059//12
f 2065//11 2127//11 2094//11 2049//11
f 1711//7 1913//7 1914//7 1712//7
f 1708//7 1911//7 1913//7 1711//7
f 1723//7 1923//7 1924//7 1724//7
f 1727//7 1927//7 1928//7 1728//7
f 1724//7 1924//7 1927//7 1727//7
f 1712//7 1914//7 1923//7 1723//7
f 1774//9 1775//9 1956//9 1955//9
f 1780//10 1961//10 1959//10 1777//10
f 1775//9 1777//9 1959//9 1956//9
f 1793//10 1978//10 1977//10 1792//10
f 1797//10 1982//10 1981//10 1796//10
f 1796//10 1981//10 1978//10 1793//10
f 1792//10 1977//10 1962//10 1781//10
f 1708//9 1774//9 1955//9 1911//9
f 1824//7 2024//7 2025//7 1825//7
f 1828//7 2028//7 2029//7 1829//7
f 1825//7 2025//7 2028//7 1828//7
f 1838//7 2040//7 2041//7 1839//7
f 1839//7 2041//7 2044//7 1841//7
f 1829//7 2029//7 2040//7 1838//7
f 1884//10 2069//10 2068//10 1883//10
f 1888//10 2073//10 2072//10 1887//10
f 1887//10 2072//10 2069//10 1884//10
f 2084//11 2085//11 1904//11 1903//11
f 1910//10 2092//10 2089//10 1908//10
f 2085//11 2092//11 1910//11 1904//11
f 1907//10 2088//10 2073//10 1888//10
f 2044//11 2084//11 1903//11 1841//11
f 1698//7 1700//7 1804//7 1802//7
f 1692//7 1698//7 1802//7 1798//7
f 1718//7 1720//7 1816//7 1814//7
f 1726//7 1728//7 1824//7 1822//7
f 1720//7 1726//7 1822//7 1816//7
f 1700//7 1718//7 1814//7 1804//7
f 1744//8 1842//8 1844//8 1746//8
f 1746//8 1844//8 1850//8 1750//8
f 1873//10 1875//10 1789//10 1787//10
f 1881//10 1883//10 1797//10 1795//10
f 1875//10 1881//10 1795//10 1789//10
f 1857//10 1873//10 1787//10 1759//10
f 1692//8 1798//8 1842//8 1744//8
f 1928//7 1930//7 2026//7 2024//7
f 1936//7 1938//7 2034//7 2032//7
f 1930//7 1936//7 2032//7 2026//7
f 1948//7 1950//7 2054//7 2052//7
f 1950//7 1954//7 2060//7 2054//7
f 1938//7 1948//7 2052//7 2034//7
f 2068//10 2070//10 1984//10 1982//10
f 2076//10 2078//10 1992//10 1990//10
f 2070//10 2076//10 1990//10 1984//10
f 2019//12 2117//12 2115//12 2017//12
f 2023//12 2123//12 2117//12 2019//12
f 2078//10 2108//10 2010//10 1992//10
f 2017//12 2115//12 2060//12 1954//12
f 1728//7 1928//7 2024//7 1824//7
f 1883//10 2068//10 1982//10 1797//10
o OuterTop
v -0.515625 2.765625 -0.515625
v -0.515625 2.765625 -0.421875
v -0.421875 2.765625 -0.515625
v -0.421875 2.765625 -0.421875
v -0.515625 2.859375 -0.515625
v -0.515625 2.859375 -0.421875
v -0.515625 2.953125 -0.515625
v -0.515625 2.953125 -0.421875
v -0.421875 2.859375 -0.515625
v -0.421875 2.953125 -0.515625
v -0.421875 2.953125 -0.421875
v -0.609375 2.765625 -0.328125
v -0.609375 2.765625 -0.234375
v -0.609375 2.765625 -0.140625
v -0.609375 2.765625 -0.046875
v -0.609375 2.859375 -0.328125
v -0.609375 2.859375 -0.234375
v -0.609375 2.953125 -0.328125
v -0.609375 2.953125 -0.234375
v -0.609375 2.859375 -0.140625
v -0.609375 2.859375 -0.046875
v -0.609375 2.953125 -0.140625
v -0.609375 2.953125 -0.046875
v -0.515625 2.765625 -0.328125
v -0.515625 2.765625 -0.234375
v -0.421875 2.765625 -0.328125
v -0.421875 2.765625 -0.234375
v -0.515625 2.765625 -0.140625
v -0.421875 2.765625 -0.140625
v -0.421875 2.765625 -0.046875
v -0.515625 2.859375 -0.328125
v -0.515625 2.953125 -0.328125
v -0.515625 2.953125 -0.234375
v -0.421875 2.953125 -0.328125
v -0.421875 2.953125 -0.234375
v -0.515625 2.953125 -0.140625
v -0.515625 2.953125 -0.046875
v -0.421875 2.953125 -0.140625
v -0.421875 2.953125 -0.046875
v -0.328125 2.765625 -0.609375
v -0.234375 2.765625 -0.609375
v -0.328125 2.765625 -0.515625
v -0.328125 2.765625 -0.421875
v -0.234375 2.765625 -0.515625
v -0.234375 2.765625 -0.421875
v -0.328125 2.859375 -0.609375
v -0.328125 2.953125 -0.609375
v -0.234375 2.859375 -0.609375
v -0.234375 2.953125 -0.609375
v -0.328125 2.859375 -0.515625
v -0.328125 2.953125 -0.515625
v -0.328125 2.953125 -0.421875
v -0.234375 2.953125 -0.515625
v -0.234375 2.953125 -0.421875
v -0.140625 2.765625 -0.609375
v -0.046875 2.765625 -0.609375
v -0.140625 2.765625 -0.515625
v -0.140625 2.765625 -0.421875
v -0.046875 2.765625 -0.515625
v -0.046875 2.765625 -0.421875
v -0.140625 2.859375 -0.609375
v -0.140625 2.953125 -0.609375
v -0.046875 2.859375 -0.609375
v -0.046875 2.953125 -0.609375
v -0.140625 2.953125 -0.515625
v -0.140625 2.953125 -0.421875
v -0.046875 2.953125 -0.515625
v -0.046875 2.953125 -0.421875
v -0.328125 2.765625 -0.328125
v -0.328125 2.765625 -0.234375
v -0.234375 2.765625 -0.328125
v -0.234375 2.765625 -0.234375
v -0.328125 2.765625 -0.140625
v -0.328125 2.765625 -0.046875
v -0.234375 2.765625 -0.140625
v -0.234375 2.765625 -0.046875
v -0.328125 2.953125 -0.328125
v -0.328125 2.953125 -0.234375
v -0.234375 2.953125 -0.328125
v -0.234375 2.953125 -0.234375
v -0.328125 2.953125 -0.140625
v -0.328125 2.953125 -0.046875
v -0.234375 2.953125 -0.140625
v -0.234375 2.953125 -0.046875
v -0.140625 2.765625 -0.328125
v -0.140625 2.765625 -0.234375
v -0.046875 2.765625 -0.328125
v -0.046875 2.765625 -0.234375
v -0.140625 2.765625 -0.140625
v -0.140625 2.765625 -0.046875
v -0.046875 2.765625 -0.140625
v -0.046875 2.765625 -0.046875
v -0.140625 2.953125 -0.328125
v -0.140625 2.953125 -0.234375
v -0.046875 2.953125 -0.328125
v -0.046875 2.953125 -0.234375
v -0.140625 2.953125 -0.140625
v -0.140625 2.953125 -0.046875
v -0.046875 2.953125 -0.140625
v -0.046875 2.953125 -0.046875
v -0.609375 2.765625 0.046875
v -0.609375 2.765625 0.140625
v -0.609375 2.765625 0.234375
v -0.609375 2.765625 0.328125
v -0.609375 2.859375 0.046875
v -0.609375 2.859375 0.140625
v -0.609375 2.953125 0.046875
v -0.609375 2.953125 0.140625
v -0.609375 2.859375 0.234375
v -0.609375 2.859375 0.328125
v -0.609375 2.953125 0.234375
v -0.609375 2.953125 0.328125
v -0.515625 2.765625 0.140625
v -0.421875 2.765625 0.046875
v -0.421875 2.765625 0.140625
v -0.515625 2.765625 0.234375
v -0.515625 2.765625 0.328125
v -0.421875 2.765625 0.234375
v -0.421875 2.765625 0.328125
v -0.515625 2.953125 0.046875
v -0.515625 2.953125 0.140625
v -0.421875 2.953125 0.046875
v -0.421875 2.953125 0.140625
v -0.515625 2.859375 0.328125
v -0.515625 2.953125 0.234375
v -0.515625 2.953125 0.328125
v -0.421875 2.953125 0.234375
v -0.421875 2.953125 0.328125
v -0.515625 2.765625 0.421875
v -0.515625 2.765625 0.515625
v -0.421875 2.765625 0.421875
v -0.421875 2.765625 0.515625
v -0.515625 2.859375 0.421875
v -0.515625 2.859375 0.515625
v -0.515625 2.953125 0.421875
v -0.515625 2.953125 0.515625
v -0.421875 2.859375 0.515625
v -0.421875 2.953125 0.421875
v -0.421875 2.953125 0.515625
v -0.328125 2.765625 0.046875
v -0.328125 2.765625 0.140625
v -0.234375 2.765625 0.046875
v -0.234375 2.765625 0.140625
v -0.328125 2.765625 0.234375
v -0.328125 2.765625 0.328125
v -0.234375 2.765625 0.234375
v -0.234375 2.765625 0.328125
v -0.328125 2.953125 0.046875
v -0.328125 2.953125 0.140625
v -0.234375 2.953125 0.046875
v -0.234375 2.953125 0.140625
v -0.328125 2.953125 0.234375
v -0.328125 2.953125 0.328125
v -0.234375 2.953125 0.234375
v -0.234375 2.953125 0.328125
v -0.140625 2.765625 0.046875
v -0.140625 2.765625 0.140625
v -0.046875 2.765625 0.046875
v -0.046875 2.765625 0.140625
v -0.140625 2.765625 0.234375
v -0.140625 2.765625 0.328125
v -0.046875 2.765625 0.234375
v -0.046875 2.765625 0.328125
v -0.140625 2.953125 0.046875
v -0.140625 2.953125 0.140625
v -0.046875 2.953125 0.046875
v -0.046875 2.953125 0.140625
v -0.140625 2.953125 0.234375
v -0.140625 2.953125 0.328125
v -0.046875 2.953125 0.234375
v -0.046875 2.953125 0.328125
v -0.328125 2.765625 0.421875
v -0.328125 2.765625 0.515625
v -0.234375 2.765625 0.421875
v -0.234375 2.765625 0.515625
v -0.328125 2.765625 0.609375
v -0.234375 2.765625 0.609375
v -0.328125 2.859375 0.515625
v -0.328125 2.953125 0.421875
v -0.328125 2.953125 0.515625
v -0.234375 2.953125 0.421875
v -0.234375 2.953125 0.515625
v -0.328125 2.859375 0.609375
v -0.328125 2.953125 0.609375
v -0.234375 2.859375 0.609375
v -0.234375 2.953125 0.609375
v -0.140625 2.765625 0.421875
v -0.140625 2.765625 0.515625
v -0.046875 2.765625 0.421875
v -0.046875 2.765625 0.515625
v -0.140625 2.765625 0.609375
v -0.046875 2.765625 0.609375
v -0.140625 2.953125 0.421875
v -0.140625 2.953125 0.515625
v -0.046875 2.953125 0.421875
v -0.046875 2.953125 0.515625
v -0.140625 2.859375 0.609375
v -0.140625 2.953125 0.609375
v -0.046875 2.859375 0.609375
v -0.046875 2.953125 0.609375
v 0.046875 2.765625 -0.609375
v 0.140625 2.765625 -0.609375
v 0.046875 2.765625 -0.515625
v 0.046875 2.765625 -0.421875
v 0.140625 2.765625 -0.515625
v 0.140625 2.765625 -0.421875
v 0.046875 2.859375 -0.609375
v 0.046875 2.953125 -0.609375
v 0.140625 2.859375 -0.609375
v 0.140625 2.953125 -0.609375
v 0.046875 2.953125 -0.515625
v 0.046875 2.953125 -0.421875
v 0.140625 2.953125 -0.515625
v 0.140625 2.953125 -0.421875
v 0.234375 2.765625 -0.609375
v 0.328125 2.765625 -0.609375
v 0.234375 2.765625 -0.515625
v 0.234375 2.765625 -0.421875
v 0.328125 2.765625 -0.515625
v 0.328125 2.765625 -0.421875
v 0.234375 2.859375 -0.609375
v 0.234375 2.953125 -0.609375
v 0.328125 2.859375 -0.609375
v 0.328125 2.953125 -0.609375
v 0.234375 2.953125 -0.515625
v 0.234375 2.953125 -0.421875
v 0.328125 2.859375 -0.515625
v 0.328125 2.953125 -0.515625
v 0.328125 2.953125 -0.421875
v 0.046875 2.765625 -0.328125
v 0.046875 2.765625 -0.234375
v 0.140625 2.765625 -0.328125
v 0.140625 2.765625 -0.234375
v 0.046875 2.765625 -0.140625
v 0.046875 2.765625 -0.046875
v 0.140625 2.765625 -0.140625
v 0.140625 2.765625 -0.046875
v 0.046875 2.953125 -0.328125
v 0.046875 2.953125 -0.234375
v 0.140625 2.953125 -0.328125
v 0.140625 2.953125 -0.234375
v 0.046875 2.953125 -0.140625
v 0.046875 2.953125 -0.046875
v 0.140625 2.953125 -0.140625
v 0.140625 2.953125 -0.046875
v 0.234375 2.765625 -0.328125
v 0.234375 2.765625 -0.234375
v 0.328125 2.765625 -0.328125
v 0.328125 2.765625 -0.234375
v 0.234375 2.765625 -0.140625
v 0.234375 2.765625 -0.046875
v 0.328125 2.765625 -0.140625
v 0.328125 2.765625 -0.046875
v 0.234375 2.953125 -0.328125
v 0.234375 2.953125 -0.234375
v 0.328125 2.953125 -0.328125
v 0.328125 2.953125 -0.234375
v 0.234375 2.953125 -0.140625
v 0.234375 2.953125 -0.046875
v 0.328125 2.953125 -0.140625
v 0.328125 2.953125 -0.046875
v 0.421875 2.765625 -0.515625
v 0.421875 2.765625 -0.421875
v 0.515625 2.765625 -0.515625
v 0.515625 2.765625 -0.421875
v 0.421875 2.859375 -0.515625
v 0.421875 2.953125 -0.515625
v 0.421875 2.953125 -0.421875
v 0.515625 2.859375 -0.515625
v 0.515625 2.859375 -0.421875
v 0.515625 2.953125 -0.515625
v 0.515625 2.953125 -0.421875
v 0.421875 2.765625 -0.328125
v 0.421875 2.765625 -0.234375
v 0.515625 2.765625 -0.328125
v 0.515625 2.765625 -0.234375
v 0.421875 2.765625 -0.140625
v 0.421875 2.765625 -0.046875
v 0.515625 2.765625 -0.140625
v 0.421875 2.953125 -0.328125
v 0.421875 2.953125 -0.234375
v 0.515625 2.859375 -0.328125
v 0.515625 2.953125 -0.328125
v 0.515625 2.953125 -0.234375
v 0.421875 2.953125 -0.140625
v 0.421875 2.953125 -0.046875
v 0.515625 2.953125 -0.140625
v 0.515625 2.953125 -0.046875
v 0.609375 2.765625 -0.328125
v 0.609375 2.765625 -0.234375
v 0.609375 2.765625 -0.140625
v 0.609375 2.765625 -0.046875
v 0.609375 2.859375 -0.328125
v 0.609375 2.859375 -0.234375
v 0.609375 2.953125 -0.328125
v 0.609375 2.953125 -0.234375
v 0.609375 2.859375 -0.140625
v 0.609375 2.859375 -0.046875
v 0.609375 2.953125 -0.140625
v 0.609375 2.953125 -0.046875
v 0.046875 2.765625 0.046875
v 0.046875 2.765625 0.140625
v 0.140625 2.765625 0.046875
v 0.140625 2.765625 0.140625
v 0.046875 2.765625 0.234375
v 0.046875 2.765625 0.328125
v 0.140625 2.765625 0.234375
v 0.140625 2.765625 0.328125
v 0.046875 2.953125 0.046875
v 0.046875 2.953125 0.140625
v 0.140625 2.953125 0.046875
v 0.140625 2.953125 0.140625
v 0.046875 2.953125 0.234375
v 0.046875 2.953125 0.328125
v 0.140625 2.953125 0.234375
v 0.140625 2.953125 0.328125
v 0.234375 2.765625 0.046875
v 0.234375 2.765625 0.140625
v 0.328125 2.765625 0.046875
v 0.328125 2.765625 0.140625
v 0.234375 2.765625 0.234375
v 0.234375 2.765625 0.328125
v 0.328125 2.765625 0.234375
v 0.328125 2.765625 0.328125
v 0.234375 2.953125 0.046875
v 0.234375 2.953125 0.140625
v 0.328125 2.953125 0.046875
v 0.328125 2.953125 0.140625
v 0.234375 2.953125 0.234375
v 0.234375 2.953125 0.328125
v 0.328125 2.953125 0.234375
v 0.328125 2.953125 0.328125
v 0.046875 2.765625 0.421875
v 0.046875 2.765625 0.515625
v 0.140625 2.765625 0.421875
v 0.140625 2.765625 0.515625
v 0.046875 2.765625 0.609375
v 0.140625 2.765625 0.609375
v 0.046875 2.953125 0.421875
v 0.046875 2.953125 0.515625
v 0.140625 2.953125 0.421875
v 0.140625 2.953125 0.515625
v 0.046875 2.859375 0.609375
v 0.046875 2.953125 0.609375
v 0.140625 2.859375 0.609375
v 0.140625 2.953125 0.609375
v 0.234375 2.765625 0.421875
v 0.234375 2.765625 0.515625
v 0.328125 2.765625 0.421875
v 0.328125 2.765625 0.515625
v 0.234375 2.765625 0.609375
v 0.328125 2.765625 0.609375
v 0.234375 2.953125 0.421875
v 0.234375 2.953125 0.515625
v 0.328125 2.859375 0.515625
v 0.328125 2.953125 0.421875
v 0.328125 2.953125 0.515625
v 0.234375 2.859375 0.609375
v 0.234375 2.953125 0.609375
v 0.328125 2.859375 0.609375
v 0.328125 2.953125 0.609375
v 0.421875 2.765625 0.046875
v 0.421875 2.765625 0.140625
v 0.515625 2.765625 0.140625
v 0.421875 2.765625 0.234375
v 0.421875 2.765625 0.328125
v 0.515625 2.765625 0.234375
v 0.515625 2.765625 0.328125
v 0.421875 2.953125 0.046875
v 0.421875 2.953125 0.140625
v 0.515625 2.953125 0.046875
v 0.515625 2.953125 0.140625
v 0.421875 2.953125 0.234375
v 0.421875 2.953125 0.328125
v 0.515625 2.859375 0.328125
v 0.515625 2.953125 0.234375
v 0.515625 2.953125 0.328125
v 0.609375 2.765625 0.046875
v 0.609375 2.765625 0.140625
v 0.609375 2.765625 0.234375
v 0.609375 2.765625 0.328125
v 0.609375 2.859375 0.046875
v 0.609375 2.859375 0.140625
v 0.609375 2.953125 0.046875
v 0.609375 2.953125 0.140625
v 0.609375 2.859375 0.234375
v 0.609375 2.859375 0.328125
v 0.609375 2.953125 0.234375
v 0.609375 2.953125 0.328125
v 0.421875 2.765625 0.421875
v 0.421875 2.765625 0.515625
v 0.515625 2.765625 0.421875
v 0.515625 2.765625 0.515625
v 0.421875 2.859375 0.515625
v 0.421875 2.953125 0.421875
v 0.421875 2.953125 0.515625
v 0.515625 2.859375 0.421875
v 0.515625 2.859375 0.515625
v 0.515625 2.953125 0.421875
v 0.515625 2.953125 0.515625
vn -0.0000 -1.0000 -0.0000
vn -1.0000 -0.0000 -0.0000
vn -0.0000 1.0000 -0.0000
vn -0.0000 -0.0000 -1.0000
vn -0.0000 -0.0000 1.0000
vn 1.0000 -0.0000 -0.0000
s 0
usemtl Red
f 2137//13 2139//13 2140//13 2138//13
f 2141//14 2142//14 2144//14 2143//14
f 2144//15 2147//15 2146//15 2143//15
f 2141//16 2143//16 2146//16 2145//16
f 2137//14 2138//14 2142//14 2141//14
f 2137//16 2141//16 2145//16 2139//16
f 2152//14 2153//14 2155//14 2154//14
f 2156//14 2157//14 2159//14 2158//14
f 2160//13 2162//13 2163//13 2161//13
f 2169//15 2171//15 2170//15 2168//15
f 2173//15 2175//15 2174//15 2172//15
f 2148//13 2160//13 2161//13 2149//13
f 2155//15 2169//15 2168//15 2154//15
f 2152//16 2154//16 2168//16 2167//16
f 2159//15 2173//15 2172//15 2158//15
f 2148//14 2149//14 2153//14 2152//14
f 2150//14 2151//14 2157//14 2156//14
f 2153//14 2156//14 2158//14 2155//14
f 2172//15 2174//15 2171//15 2169//15
f 2149//14 2150//14 2156//14 2153//14
f 2149//13 2161//13 2164//13 2150//13
f 2158//15 2172//15 2169//15 2155//15
f 2148//16 2152//16 2167//16 2160//16
f 2178//13 2180//13 2181//13 2179//13
f 2182//16 2183//16 2185//16 2184//16
f 2188//15 2190//15 2189//15 2187//15
f 2197//16 2198//16 2200//16 2199//16
f 2202//15 2204//15 2203//15 2201//15
f 2184//16 2185//16 2198//16 2197//16
f 2190//15 2202//15 2201//15 2189//15
f 2176//16 2182//16 2184//16 2177//16
f 2191//16 2197//16 2199//16 2192//16
f 2176//13 2177//13 2180//13 2178//13
f 2182//14 2186//14 2187//14 2183//14
f 2187//15 2189//15 2185//15 2183//15
f 2191//13 2192//13 2195//13 2193//13
f 2201//15 2203//15 2200//15 2198//15
f 2176//14 2178//14 2186//14 2182//14
f 2177//13 2191//13 2193//13 2180//13
f 2189//15 2201//15 2198//15 2185//15
f 2177//16 2184//16 2197//16 2191//16
f 2205//13 2207//13 2208//13 2206//13
f 2209//13 2211//13 2212//13 2210//13
f 2214//15 2216//15 2215//15 2213//15
f 2218//15 2220//15 2219//15 2217//15
f 2221//13 2223//13 2224//13 2222//13
f 2225//13 2227//13 2228//13 2226//13
f 2230//15 2232//15 2231//15 2229//15
f 2234//15 2236//15 2235//15 2233//15
f 2207//13 2221//13 2222//13 2208//13
f 2211//13 2225//13 2226//13 2212//13
f 2216//15 2230//15 2229//15 2215//15
f 2220//15 2234//15 2233//15 2219//15
f 2206//13 2208//13 2211//13 2209//13
f 2217//15 2219//15 2216//15 2214//15
f 2222//13 2224//13 2227//13 2225//13
f 2233//15 2235//15 2232//15 2230//15
f 2208//13 2222//13 2225//13 2211//13
f 2219//15 2233//15 2230//15 2216//15
f 2139//13 2178//13 2179//13 2140//13
f 2147//15 2188//15 2187//15 2146//15
f 2145//16 2146//16 2187//16 2186//16
f 2139//16 2145//16 2186//16 2178//16
f 2165//13 2209//13 2210//13 2166//13
f 2171//15 2214//15 2213//15 2170//15
f 2175//15 2218//15 2217//15 2174//15
f 2163//13 2206//13 2209//13 2165//13
f 2174//15 2217//15 2214//15 2171//15
f 2138//13 2140//13 2162//13 2160//13
f 2142//14 2167//14 2168//14 2144//14
f 2168//15 2170//15 2147//15 2144//15
f 2138//14 2160//14 2167//14 2142//14
f 2213//15 2215//15 2190//15 2188//15
f 2194//13 2196//13 2223//13 2221//13
f 2229//15 2231//15 2204//15 2202//15
f 2181//13 2194//13 2221//13 2207//13
f 2215//15 2229//15 2202//15 2190//15
f 2140//13 2179//13 2205//13 2162//13
f 2170//15 2213//15 2188//15 2147//15
f 2241//14 2242//14 2244//14 2243//14
f 2245//14 2246//14 2248//14 2247//14
f 2252//13 2254//13 2255//13 2253//13
f 2257//15 2259//15 2258//15 2256//15
f 2262//15 2264//15 2263//15 2261//15
f 2239//13 2252//13 2253//13 2240//13
f 2244//15 2257//15 2256//15 2243//15
f 2248//15 2262//15 2261//15 2247//15
f 2260//17 2262//17 2248//17 2246//17
f 2237//14 2238//14 2242//14 2241//14
f 2239//14 2240//14 2246//14 2245//14
f 2242//14 2245//14 2247//14 2244//14
f 2261//15 2263//15 2259//15 2257//15
f 2238//14 2239//14 2245//14 2242//14
f 2238//13 2249//13 2252//13 2239//13
f 2247//15 2261//15 2257//15 2244//15
f 2253//17 2260//17 2246//17 2240//17
f 2265//13 2267//13 2268//13 2266//13
f 2269//14 2270//14 2272//14 2271//14
f 2272//15 2275//15 2274//15 2271//15
f 2273//17 2275//17 2272//17 2270//17
f 2265//14 2266//14 2270//14 2269//14
f 2268//17 2273//17 2270//17 2266//17
f 2276//13 2278//13 2279//13 2277//13
f 2280//13 2282//13 2283//13 2281//13
f 2285//15 2287//15 2286//15 2284//15
f 2289//15 2291//15 2290//15 2288//15
f 2292//13 2294//13 2295//13 2293//13
f 2296//13 2298//13 2299//13 2297//13
f 2301//15 2303//15 2302//15 2300//15
f 2305//15 2307//15 2306//15 2304//15
f 2278//13 2292//13 2293//13 2279//13
f 2282//13 2296//13 2297//13 2283//13
f 2287//15 2301//15 2300//15 2286//15
f 2291//15 2305//15 2304//15 2290//15
f 2277//13 2279//13 2282//13 2280//13
f 2288//15 2290//15 2287//15 2285//15
f 2293//13 2295//13 2298//13 2296//13
f 2304//15 2306//15 2303//15 2301//15
f 2279//13 2293//13 2296//13 2282//13
f 2290//15 2304//15 2301//15 2287//15
f 2308//13 2310//13 2311//13 2309//13
f 2316//15 2318//15 2317//15 2315//15
f 2321//17 2322//17 2320//17 2319//17
f 2330//15 2332//15 2331//15 2329//15
f 2335//17 2336//17 2334//17 2333//17
f 2318//15 2330//15 2329//15 2317//15
f 2333//17 2334//17 2322//17 2321//17
f 2313//17 2321//17 2319//17 2312//17
f 2328//17 2335//17 2333//17 2327//17
f 2309//13 2311//13 2313//13 2312//13
f 2314//14 2319//14 2320//14 2316//14
f 2320//15 2322//15 2318//15 2316//15
f 2324//13 2326//13 2328//13 2327//13
f 2334//15 2336//15 2332//15 2330//15
f 2309//14 2312//14 2319//14 2314//14
f 2311//13 2324//13 2327//13 2313//13
f 2322//15 2334//15 2330//15 2318//15
f 2327//17 2333//17 2321//17 2313//17
f 2250//13 2276//13 2277//13 2251//13
f 2259//15 2285//15 2284//15 2258//15
f 2264//15 2289//15 2288//15 2263//15
f 2251//13 2277//13 2280//13 2254//13
f 2263//15 2288//15 2285//15 2259//15
f 2267//13 2308//13 2309//13 2268//13
f 2275//15 2316//15 2315//15 2274//15
f 2314//17 2316//17 2275//17 2273//17
f 2309//17 2314//17 2273//17 2268//17
f 2253//13 2255//13 2267//13 2265//13
f 2260//14 2269//14 2271//14 2262//14
f 2271//15 2274//15 2264//15 2262//15
f 2253//14 2265//14 2269//14 2260//14
f 2315//15 2317//15 2291//15 2289//15
f 2297//13 2299//13 2325//13 2323//13
f 2329//15 2331//15 2307//15 2305//15
f 2283//13 2297//13 2323//13 2310//13
f 2317//15 2329//15 2305//15 2291//15
f 2255//13 2281//13 2308//13 2267//13
f 2274//15 2315//15 2289//15 2264//15
f 2343//16 2344//16 2346//16 2345//16
f 2348//15 2350//15 2349//15 2347//15
f 2353//13 2355//13 2356//13 2354//13
f 2357//16 2358//16 2360//16 2359//16
f 2362//15 2365//15 2364//15 2361//15
f 2345//16 2346//16 2358//16 2357//16
f 2350//15 2362//15 2361//15 2349//15
f 2337//16 2343//16 2345//16 2338//16
f 2351//16 2357//16 2359//16 2352//16
f 2337//13 2338//13 2341//13 2339//13
f 2347//15 2349//15 2346//15 2344//15
f 2351//13 2352//13 2355//13 2353//13
f 2360//18 2364//18 2363//18 2359//18
f 2361//15 2364//15 2360//15 2358//15
f 2359//18 2363//18 2355//18 2352//18
f 2338//13 2351//13 2353//13 2341//13
f 2349//15 2361//15 2358//15 2346//15
f 2338//16 2345//16 2357//16 2351//16
f 2366//13 2368//13 2369//13 2367//13
f 2370//13 2372//13 2373//13 2371//13
f 2375//15 2377//15 2376//15 2374//15
f 2379//15 2381//15 2380//15 2378//15
f 2382//13 2384//13 2385//13 2383//13
f 2386//13 2388//13 2389//13 2387//13
f 2391//15 2393//15 2392//15 2390//15
f 2395//15 2397//15 2396//15 2394//15
f 2368//13 2382//13 2383//13 2369//13
f 2372//13 2386//13 2387//13 2373//13
f 2377//15 2391//15 2390//15 2376//15
f 2381//15 2395//15 2394//15 2380//15
f 2367//13 2369//13 2372//13 2370//13
f 2378//15 2380//15 2377//15 2375//15
f 2383//13 2385//13 2388//13 2386//13
f 2394//15 2396//15 2393//15 2391//15
f 2369//13 2383//13 2386//13 2372//13
f 2380//15 2394//15 2391//15 2377//15
f 2398//13 2400//13 2401//13 2399//13
f 2407//18 2408//18 2406//18 2405//18
f 2404//15 2408//15 2407//15 2403//15
f 2402//16 2403//16 2407//16 2405//16
f 2405//18 2406//18 2401//18 2400//18
f 2398//16 2402//16 2405//16 2400//16
f 2409//13 2411//13 2412//13 2410//13
f 2417//15 2420//15 2419//15 2416//15
f 2422//15 2424//15 2423//15 2421//15
f 2431//18 2432//18 2430//18 2429//18
f 2435//18 2436//18 2434//18 2433//18
f 2411//13 2425//13 2426//13 2412//13
f 2420//15 2432//15 2431//15 2419//15
f 2418//16 2419//16 2431//16 2429//16
f 2424//15 2436//15 2435//15 2423//15
f 2429//18 2430//18 2426//18 2425//18
f 2433//18 2434//18 2428//18 2427//18
f 2421//15 2423//15 2420//15 2417//15
f 2432//18 2435//18 2433//18 2430//18
f 2430//18 2433//18 2427//18 2426//18
f 2412//13 2426//13 2427//13 2415//13
f 2423//15 2435//15 2432//15 2420//15
f 2411//16 2418//16 2429//16 2425//16
f 2355//13 2398//13 2399//13 2356//13
f 2365//15 2404//15 2403//15 2364//15
f 2363//16 2364//16 2403//16 2402//16
f 2355//16 2363//16 2402//16 2398//16
f 2388//13 2413//13 2414//13 2389//13
f 2393//15 2417//15 2416//15 2392//15
f 2397//15 2422//15 2421//15 2396//15
f 2385//13 2410//13 2413//13 2388//13
f 2396//15 2421//15 2417//15 2393//15
f 2340//13 2342//13 2368//13 2366//13
f 2374//15 2376//15 2350//15 2348//15
f 2390//15 2392//15 2365//15 2362//15
f 2342//13 2354//13 2382//13 2368//13
f 2376//15 2390//15 2362//15 2350//15
f 2399//13 2401//13 2411//13 2409//13
f 2408//18 2419//18 2418//18 2406//18
f 2416//15 2419//15 2408//15 2404//15
f 2406//18 2418//18 2411//18 2401//18
f 2356//13 2399//13 2409//13 2384//13
f 2392//15 2416//15 2404//15 2365//15
f 2437//13 2439//13 2440//13 2438//13
f 2441//13 2443//13 2444//13 2442//13
f 2446//15 2448//15 2447//15 2445//15
f 2450//15 2452//15 2451//15 2449//15
f 2453//13 2455//13 2456//13 2454//13
f 2457//13 2459//13 2460//13 2458//13
f 2462//15 2464//15 2463//15 2461//15
f 2466//15 2468//15 2467//15 2465//15
f 2439//13 2453//13 2454//13 2440//13
f 2443//13 2457//13 2458//13 2444//13
f 2448//15 2462//15 2461//15 2447//15
f 2452//15 2466//15 2465//15 2451//15
f 2438//13 2440//13 2443//13 2441//13
f 2449//15 2451//15 2448//15 2446//15
f 2454//13 2456//13 2459//13 2457//13
f 2465//15 2467//15 2464//15 2462//15
f 2440//13 2454//13 2457//13 2443//13
f 2451//15 2465//15 2462//15 2448//15
f 2476//15 2478//15 2477//15 2475//15
f 2481//17 2482//17 2480//17 2479//17
f 2483//13 2485//13 2486//13 2484//13
f 2490//15 2493//15 2492//15 2489//15
f 2496//17 2497//17 2495//17 2494//17
f 2478//15 2490//15 2489//15 2477//15
f 2494//17 2495//17 2482//17 2481//17
f 2474//17 2481//17 2479//17 2473//17
f 2488//17 2496//17 2494//17 2487//17
f 2470//13 2472//13 2474//13 2473//13
f 2480//15 2482//15 2478//15 2476//15
f 2484//13 2486//13 2488//13 2487//13
f 2493//18 2497//18 2496//18 2491//18
f 2495//15 2497//15 2493//15 2490//15
f 2491//18 2496//18 2488//18 2486//18
f 2472//13 2484//13 2487//13 2474//13
f 2482//15 2495//15 2490//15 2478//15
f 2487//17 2494//17 2481//17 2474//17
f 2501//13 2503//13 2504//13 2502//13
f 2506//15 2508//15 2507//15 2505//15
f 2510//15 2513//15 2512//15 2509//15
f 2520//18 2521//18 2519//18 2518//18
f 2524//18 2525//18 2523//18 2522//18
f 2503//13 2516//13 2517//13 2504//13
f 2508//15 2521//15 2520//15 2507//15
f 2513//15 2525//15 2524//15 2512//15
f 2523//17 2525//17 2513//17 2511//17
f 2518//18 2519//18 2515//18 2514//18
f 2522//18 2523//18 2517//18 2516//18
f 2509//15 2512//15 2508//15 2506//15
f 2521//18 2524//18 2522//18 2519//18
f 2519//18 2522//18 2516//18 2515//18
f 2500//13 2515//13 2516//13 2503//13
f 2512//15 2524//15 2521//15 2508//15
f 2517//17 2523//17 2511//17 2504//17
f 2526//13 2528//13 2529//13 2527//13
f 2535//18 2536//18 2534//18 2533//18
f 2532//15 2536//15 2535//15 2531//15
f 2534//17 2536//17 2532//17 2530//17
f 2533//18 2534//18 2529//18 2528//18
f 2529//17 2534//17 2530//17 2527//17
f 2455//13 2498//13 2499//13 2456//13
f 2464//15 2506//15 2505//15 2463//15
f 2468//15 2510//15 2509//15 2467//15
f 2456//13 2499//13 2501//13 2459//13
f 2467//15 2509//15 2506//15 2464//15
f 2485//13 2526//13 2527//13 2486//13
f 2493//15 2532//15 2531//15 2492//15
f 2530//17 2532//17 2493//17 2491//17
f 2527//17 2530//17 2491//17 2486//17
f 2442//13 2444//13 2471//13 2469//13
f 2475//15 2477//15 2452//15 2450//15
f 2489//15 2492//15 2468//15 2466//15
f 2444//13 2458//13 2483//13 2471//13
f 2477//15 2489//15 2466//15 2452//15
f 2502//13 2504//13 2528//13 2526//13
f 2513//18 2535//18 2533//18 2511//18
f 2531//15 2535//15 2513//15 2510//15
f 2511//18 2533//18 2528//18 2504//18
f 2460//13 2502//13 2526//13 2485//13
f 2492//15 2531//15 2510//15 2468//15
f 2199//16 2200//16 2344//16 2343//16
f 2204//15 2348//15 2347//15 2203//15
f 2192//13 2337//13 2339//13 2195//13
f 2203//15 2347//15 2344//15 2200//15
f 2192//16 2199//16 2343//16 2337//16
f 2223//13 2366//13 2367//13 2224//13
f 2227//13 2370//13 2371//13 2228//13
f 2232//15 2375//15 2374//15 2231//15
f 2236//15 2379//15 2378//15 2235//15
f 2224//13 2367//13 2370//13 2227//13
f 2235//15 2378//15 2375//15 2232//15
f 2196//13 2340//13 2366//13 2223//13
f 2231//15 2374//15 2348//15 2204//15
f 2294//13 2437//13 2438//13 2295//13
f 2298//13 2441//13 2442//13 2299//13
f 2303//15 2446//15 2445//15 2302//15
f 2307//15 2450//15 2449//15 2306//15
f 2295//13 2438//13 2441//13 2298//13
f 2306//15 2449//15 2446//15 2303//15
f 2332//15 2476//15 2475//15 2331//15
f 2479//17 2480//17 2336//17 2335//17
f 2326//13 2470//13 2473//13 2328//13
f 2336//15 2480//15 2476//15 2332//15
f 2473//17 2479//17 2335//17 2328//17
f 2299//13 2442//13 2469//13 2325//13
f 2331//15 2475//15 2450//15 2307//15
f 2157//14 2241//14 2243//14 2159//14
f 2256//15 2258//15 2175//15 2173//15
f 2151//14 2237//14 2241//14 2157//14
f 2243//15 2256//15 2173//15 2159//15
f 2210//13 2212//13 2278//13 2276//13
f 2284//15 2286//15 2220//15 2218//15
f 2226//13 2228//13 2294//13 2292//13
f 2300//15 2302//15 2236//15 2234//15
f 2212//13 2226//13 2292//13 2278//13
f 2286//15 2300//15 2234//15 2220//15
f 2166//13 2210//13 2276//13 2250//13
f 2258//15 2284//15 2218//15 2175//15
f 2371//13 2373//13 2439//13 2437//13
f 2445//15 2447//15 2381//15 2379//15
f 2387//13 2389//13 2455//13 2453//13
f 2461//15 2463//15 2397//15 2395//15
f 2373//13 2387//13 2453//13 2439//13
f 2447//15 2461//15 2395//15 2381//15
f 2505//15 2507//15 2424//15 2422//15
f 2436//18 2520//18 2518//18 2434//18
f 2434//18 2518//18 2514//18 2428//18
f 2507//15 2520//15 2436//15 2424//15
f 2389//13 2414//13 2498//13 2455//13
f 2463//15 2505//15 2422//15 2397//15
f 2228//13 2371//13 2437//13 2294//13
f 2302//15 2445//15 2379//15 2236//15
o Outer_sides
v -0.609375 0.234375 -0.140625
v -0.609375 0.234375 -0.046875
v -0.609375 0.328125 -0.140625
v -0.609375 0.328125 -0.046875
v -0.515625 0.234375 -0.234375
v -0.515625 0.328125 -0.234375
v -0.515625 0.234375 -0.140625
v -0.515625 0.328125 -0.140625
v -0.609375 0.421875 -0.140625
v -0.609375 0.421875 -0.046875
v -0.609375 0.515625 -0.140625
v -0.609375 0.515625 -0.046875
v -0.609375 0.609375 -0.140625
v -0.609375 0.609375 -0.046875
v -0.609375 0.703125 -0.140625
v -0.609375 0.703125 -0.046875
v -0.515625 0.421875 -0.234375
v -0.515625 0.515625 -0.234375
v -0.515625 0.421875 -0.140625
v -0.515625 0.515625 -0.140625
v -0.515625 0.609375 -0.234375
v -0.515625 0.703125 -0.234375
v -0.515625 0.609375 -0.140625
v -0.515625 0.703125 -0.140625
v -0.609375 0.796875 -0.140625
v -0.609375 0.796875 -0.046875
v -0.609375 0.890625 -0.140625
v -0.609375 0.890625 -0.046875
v -0.609375 0.984375 -0.140625
v -0.609375 0.984375 -0.046875
v -0.609375 1.078125 -0.140625
v -0.609375 1.078125 -0.046875
v -0.515625 0.796875 -0.234375
v -0.515625 0.796875 -0.140625
v -0.515625 0.890625 -0.140625
v -0.515625 0.890625 -0.046875
v -0.515625 0.984375 -0.140625
v -0.515625 0.984375 -0.046875
v -0.515625 1.078125 -0.140625
v -0.515625 1.078125 -0.046875
v -0.609375 1.171875 -0.140625
v -0.609375 1.171875 -0.046875
v -0.609375 1.265625 -0.140625
v -0.609375 1.265625 -0.046875
v -0.609375 1.359375 -0.140625
v -0.609375 1.359375 -0.046875
v -0.609375 1.453125 -0.140625
v -0.609375 1.453125 -0.046875
v -0.515625 1.171875 -0.140625
v -0.515625 1.171875 -0.046875
v -0.515625 1.265625 -0.140625
v -0.515625 1.265625 -0.046875
v -0.515625 1.359375 -0.140625
v -0.515625 1.359375 -0.046875
v -0.515625 1.453125 -0.140625
v -0.515625 1.453125 -0.046875
v -0.609375 0.234375 0.046875
v -0.609375 0.234375 0.140625
v -0.609375 0.328125 0.046875
v -0.609375 0.328125 0.140625
v -0.515625 0.234375 0.140625
v -0.515625 0.328125 0.140625
v -0.515625 0.234375 0.234375
v -0.515625 0.328125 0.234375
v -0.609375 0.421875 0.046875
v -0.609375 0.421875 0.140625
v -0.609375 0.515625 0.046875
v -0.609375 0.515625 0.140625
v -0.609375 0.609375 0.046875
v -0.609375 0.609375 0.140625
v -0.609375 0.703125 0.046875
v -0.609375 0.703125 0.140625
v -0.515625 0.421875 0.140625
v -0.515625 0.515625 0.140625
v -0.515625 0.421875 0.234375
v -0.515625 0.515625 0.234375
v -0.515625 0.609375 0.140625
v -0.515625 0.703125 0.140625
v -0.515625 0.609375 0.234375
v -0.515625 0.703125 0.234375
v -0.609375 0.796875 0.046875
v -0.609375 0.796875 0.140625
v -0.609375 0.890625 0.046875
v -0.609375 0.890625 0.140625
v -0.609375 0.984375 0.046875
v -0.609375 0.984375 0.140625
v -0.609375 1.078125 0.046875
v -0.609375 1.078125 0.140625
v -0.515625 0.796875 0.140625
v -0.515625 0.890625 0.046875
v -0.515625 0.890625 0.140625
v -0.515625 0.796875 0.234375
v -0.515625 0.984375 0.046875
v -0.515625 0.984375 0.140625
v -0.515625 1.078125 0.046875
v -0.515625 1.078125 0.140625
v -0.609375 1.171875 0.046875
v -0.609375 1.171875 0.140625
v -0.609375 1.265625 0.046875
v -0.609375 1.265625 0.140625
v -0.609375 1.359375 0.046875
v -0.609375 1.359375 0.140625
v -0.609375 1.453125 0.046875
v -0.609375 1.453125 0.140625
v -0.515625 1.171875 0.046875
v -0.515625 1.171875 0.140625
v -0.515625 1.265625 0.046875
v -0.515625 1.265625 0.140625
v -0.515625 1.359375 0.046875
v -0.515625 1.359375 0.140625
v -0.515625 1.453125 0.046875
v -0.515625 1.453125 0.140625
v -0.609375 1.546875 -0.140625
v -0.609375 1.546875 -0.046875
v -0.609375 1.640625 -0.140625
v -0.609375 1.640625 -0.046875
v -0.609375 1.734375 -0.140625
v -0.609375 1.734375 -0.046875
v -0.609375 1.828125 -0.140625
v -0.609375 1.828125 -0.046875
v -0.515625 1.546875 -0.140625
v -0.515625 1.546875 -0.046875
v -0.515625 1.640625 -0.140625
v -0.515625 1.640625 -0.046875
v -0.515625 1.734375 -0.140625
v -0.515625 1.734375 -0.046875
v -0.515625 1.828125 -0.140625
v -0.515625 1.828125 -0.046875
v -0.609375 1.921875 -0.140625
v -0.609375 1.921875 -0.046875
v -0.609375 2.015625 -0.140625
v -0.609375 2.015625 -0.046875
v -0.609375 2.109375 -0.140625
v -0.609375 2.109375 -0.046875
v -0.609375 2.203125 -0.140625
v -0.609375 2.203125 -0.046875
v -0.515625 1.921875 -0.140625
v -0.515625 1.921875 -0.046875
v -0.515625 2.015625 -0.140625
v -0.515625 2.015625 -0.046875
v -0.515625 2.203125 -0.234375
v -0.515625 2.109375 -0.140625
v -0.515625 2.109375 -0.046875
v -0.515625 2.203125 -0.140625
v -0.609375 2.296875 -0.140625
v -0.609375 2.296875 -0.046875
v -0.609375 2.390625 -0.140625
v -0.609375 2.390625 -0.046875
v -0.609375 2.484375 -0.140625
v -0.609375 2.484375 -0.046875
v -0.609375 2.578125 -0.140625
v -0.609375 2.578125 -0.046875
v -0.515625 2.296875 -0.234375
v -0.515625 2.390625 -0.234375
v -0.515625 2.296875 -0.140625
v -0.515625 2.390625 -0.140625
v -0.515625 2.484375 -0.234375
v -0.515625 2.578125 -0.234375
v -0.515625 2.484375 -0.140625
v -0.515625 2.578125 -0.140625
v -0.609375 2.671875 -0.140625
v -0.609375 2.671875 -0.046875
v -0.609375 2.765625 -0.140625
v -0.609375 2.765625 -0.046875
v -0.515625 2.671875 -0.234375
v -0.515625 2.765625 -0.234375
v -0.515625 2.671875 -0.140625
v -0.515625 2.765625 -0.140625
v -0.609375 1.546875 0.046875
v -0.609375 1.546875 0.140625
v -0.609375 1.640625 0.046875
v -0.609375 1.640625 0.140625
v -0.609375 1.734375 0.046875
v -0.609375 1.734375 0.140625
v -0.609375 1.828125 0.046875
v -0.609375 1.828125 0.140625
v -0.515625 1.546875 0.046875
v -0.515625 1.546875 0.140625
v -0.515625 1.640625 0.046875
v -0.515625 1.640625 0.140625
v -0.515625 1.734375 0.046875
v -0.515625 1.734375 0.140625
v -0.515625 1.828125 0.046875
v -0.515625 1.828125 0.140625
v -0.609375 1.921875 0.046875
v -0.609375 1.921875 0.140625
v -0.609375 2.015625 0.046875
v -0.609375 2.015625 0.140625
v -0.609375 2.109375 0.046875
v -0.609375 2.109375 0.140625
v -0.609375 2.203125 0.046875
v -0.609375 2.203125 0.140625
v -0.515625 1.921875 0.046875
v -0.515625 1.921875 0.140625
v -0.515625 2.015625 0.046875
v -0.515625 2.015625 0.140625
v -0.515625 2.109375 0.046875
v -0.515625 2.109375 0.140625
v -0.515625 2.203125 0.140625
v -0.515625 2.203125 0.234375
v -0.609375 2.296875 0.046875
v -0.609375 2.296875 0.140625
v -0.609375 2.390625 0.046875
v -0.609375 2.390625 0.140625
v -0.609375 2.484375 0.046875
v -0.609375 2.484375 0.140625
v -0.609375 2.578125 0.046875
v -0.609375 2.578125 0.140625
v -0.515625 2.296875 0.140625
v -0.515625 2.390625 0.140625
v -0.515625 2.296875 0.234375
v -0.515625 2.390625 0.234375
v -0.515625 2.484375 0.140625
v -0.515625 2.578125 0.140625
v -0.515625 2.484375 0.234375
v -0.515625 2.578125 0.234375
v -0.609375 2.671875 0.046875
v -0.609375 2.671875 0.140625
v -0.609375 2.765625 0.046875
v -0.609375 2.765625 0.140625
v -0.515625 2.671875 0.140625
v -0.515625 2.765625 0.140625
v -0.515625 2.671875 0.234375
v -0.515625 2.765625 0.234375
v 0.515625 0.234375 -0.234375
v 0.515625 0.328125 -0.234375
v 0.515625 0.234375 -0.140625
v 0.515625 0.328125 -0.140625
v 0.609375 0.234375 -0.140625
v 0.609375 0.234375 -0.046875
v 0.609375 0.328125 -0.140625
v 0.609375 0.328125 -0.046875
v 0.515625 0.421875 -0.234375
v 0.515625 0.515625 -0.234375
v 0.515625 0.421875 -0.140625
v 0.515625 0.515625 -0.140625
v 0.515625 0.609375 -0.234375
v 0.515625 0.703125 -0.234375
v 0.515625 0.609375 -0.140625
v 0.515625 0.703125 -0.140625
v 0.609375 0.421875 -0.140625
v 0.609375 0.421875 -0.046875
v 0.609375 0.515625 -0.140625
v 0.609375 0.515625 -0.046875
v 0.609375 0.609375 -0.140625
v 0.609375 0.609375 -0.046875
v 0.609375 0.703125 -0.140625
v 0.609375 0.703125 -0.046875
v 0.515625 0.796875 -0.234375
v 0.515625 0.796875 -0.140625
v 0.515625 0.890625 -0.140625
v 0.515625 0.890625 -0.046875
v 0.515625 0.984375 -0.140625
v 0.515625 0.984375 -0.046875
v 0.515625 1.078125 -0.140625
v 0.515625 1.078125 -0.046875
v 0.609375 0.796875 -0.140625
v 0.609375 0.796875 -0.046875
v 0.609375 0.890625 -0.140625
v 0.609375 0.890625 -0.046875
v 0.609375 0.984375 -0.140625
v 0.609375 0.984375 -0.046875
v 0.609375 1.078125 -0.140625
v 0.609375 1.078125 -0.046875
v 0.515625 1.171875 -0.140625
v 0.515625 1.171875 -0.046875
v 0.515625 1.265625 -0.140625
v 0.515625 1.265625 -0.046875
v 0.515625 1.359375 -0.140625
v 0.515625 1.359375 -0.046875
v 0.515625 1.453125 -0.140625
v 0.515625 1.453125 -0.046875
v 0.609375 1.171875 -0.140625
v 0.609375 1.171875 -0.046875
v 0.609375 1.265625 -0.140625
v 0.609375 1.265625 -0.046875
v 0.609375 1.359375 -0.140625
v 0.609375 1.359375 -0.046875
v 0.609375 1.453125 -0.140625
v 0.609375 1.453125 -0.046875
v 0.515625 0.234375 0.140625
v 0.515625 0.328125 0.140625
v 0.515625 0.234375 0.234375
v 0.515625 0.328125 0.234375
v 0.609375 0.234375 0.046875
v 0.609375 0.234375 0.140625
v 0.609375 0.328125 0.046875
v 0.609375 0.328125 0.140625
v 0.515625 0.421875 0.140625
v 0.515625 0.515625 0.140625
v 0.515625 0.421875 0.234375
v 0.515625 0.515625 0.234375
v 0.515625 0.609375 0.140625
v 0.515625 0.703125 0.140625
v 0.515625 0.609375 0.234375
v 0.515625 0.703125 0.234375
v 0.609375 0.421875 0.046875
v 0.609375 0.421875 0.140625
v 0.609375 0.515625 0.046875
v 0.609375 0.515625 0.140625
v 0.609375 0.609375 0.046875
v 0.609375 0.609375 0.140625
v 0.609375 0.703125 0.046875
v 0.609375 0.703125 0.140625
v 0.515625 0.796875 0.140625
v 0.515625 0.890625 0.046875
v 0.515625 0.890625 0.140625
v 0.515625 0.796875 0.234375
v 0.515625 0.984375 0.046875
v 0.515625 0.984375 0.140625
v 0.515625 1.078125 0.046875
v 0.515625 1.078125 0.140625
v 0.609375 0.796875 0.046875
v 0.609375 0.796875 0.140625
v 0.609375 0.890625 0.046875
v 0.609375 0.890625 0.140625
v 0.609375 0.984375 0.046875
v 0.609375 0.984375 0.140625
v 0.609375 1.078125 0.046875
v 0.609375 1.078125 0.140625
v 0.515625 1.171875 0.046875
v 0.515625 1.171875 0.140625
v 0.515625 1.265625 0.046875
v 0.515625 1.265625 0.140625
v 0.515625 1.359375 0.046875
v 0.515625 1.359375 0.140625
v 0.515625 1.453125 0.046875
v 0.515625 1.453125 0.140625
v 0.609375 1.171875 0.046875
v 0.609375 1.171875 0.140625
v 0.609375 1.265625 0.046875
v 0.609375 1.265625 0.140625
v 0.609375 1.359375 0.046875
v 0.609375 1.359375 0.140625
v 0.609375 1.453125 0.046875
v 0.609375 1.453125 0.140625
v 0.515625 1.546875 -0.140625
v 0.515625 1.546875 -0.046875
v 0.515625 1.640625 -0.140625
v 0.515625 1.640625 -0.046875
v 0.515625 1.734375 -0.140625
v 0.515625 1.734375 -0.046875
v 0.515625 1.828125 -0.140625
v 0.515625 1.828125 -0.046875
v 0.609375 1.546875 -0.140625
v 0.609375 1.546875 -0.046875
v 0.609375 1.640625 -0.140625
v 0.609375 1.640625 -0.046875
v 0.609375 1.734375 -0.140625
v 0.609375 1.734375 -0.046875
v 0.609375 1.828125 -0.140625
v 0.609375 1.828125 -0.046875
v 0.515625 1.921875 -0.140625
v 0.515625 1.921875 -0.046875
v 0.515625 2.015625 -0.140625
v 0.515625 2.015625 -0.046875
v 0.515625 2.203125 -0.234375
v 0.515625 2.109375 -0.140625
v 0.515625 2.109375 -0.046875
v 0.515625 2.203125 -0.140625
v 0.609375 1.921875 -0.140625
v 0.609375 1.921875 -0.046875
v 0.609375 2.015625 -0.140625
v 0.609375 2.015625 -0.046875
v 0.609375 2.109375 -0.140625
v 0.609375 2.109375 -0.046875
v 0.609375 2.203125 -0.140625
v 0.609375 2.203125 -0.046875
v 0.515625 2.296875 -0.234375
v 0.515625 2.390625 -0.234375
v 0.515625 2.296875 -0.140625
v 0.515625 2.390625 -0.140625
v 0.515625 2.484375 -0.234375
v 0.515625 2.578125 -0.234375
v 0.515625 2.484375 -0.140625
v 0.515625 2.578125 -0.140625
v 0.609375 2.296875 -0.140625
v 0.609375 2.296875 -0.046875
v 0.609375 2.390625 -0.140625
v 0.609375 2.390625 -0.046875
v 0.609375 2.484375 -0.140625
v 0.609375 2.484375 -0.046875
v 0.609375 2.578125 -0.140625
v 0.609375 2.578125 -0.046875
v 0.515625 2.671875 -0.234375
v 0.515625 2.765625 -0.234375
v 0.515625 2.671875 -0.140625
v 0.515625 2.765625 -0.140625
v 0.609375 2.671875 -0.140625
v 0.609375 2.671875 -0.046875
v 0.609375 2.765625 -0.140625
v 0.609375 2.765625 -0.046875
v 0.515625 1.546875 0.046875
v 0.515625 1.546875 0.140625
v 0.515625 1.640625 0.046875
v 0.515625 1.640625 0.140625
v 0.515625 1.734375 0.046875
v 0.515625 1.734375 0.140625
v 0.515625 1.828125 0.046875
v 0.515625 1.828125 0.140625
v 0.609375 1.546875 0.046875
v 0.609375 1.546875 0.140625
v 0.609375 1.640625 0.046875
v 0.609375 1.640625 0.140625
v 0.609375 1.734375 0.046875
v 0.609375 1.734375 0.140625
v 0.609375 1.828125 0.046875
v 0.609375 1.828125 0.140625
v 0.515625 1.921875 0.046875
v 0.515625 1.921875 0.140625
v 0.515625 2.015625 0.046875
v 0.515625 2.015625 0.140625
v 0.515625 2.109375 0.046875
v 0.515625 2.109375 0.140625
v 0.515625 2.203125 0.140625
v 0.515625 2.203125 0.234375
v 0.609375 1.921875 0.046875
v 0.609375 1.921875 0.140625
v 0.609375 2.015625 0.046875
v 0.609375 2.015625 0.140625
v 0.609375 2.109375 0.046875
v 0.609375 2.109375 0.140625
v 0.609375 2.203125 0.046875
v 0.609375 2.203125 0.140625
v 0.515625 2.296875 0.140625
v 0.515625 2.390625 0.140625
v 0.515625 2.296875 0.234375
v 0.515625 2.390625 0.234375
v 0.515625 2.484375 0.140625
v 0.515625 2.578125 0.140625
v 0.515625 2.484375 0.234375
v 0.515625 2.578125 0.234375
v 0.609375 2.296875 0.046875
v 0.609375 2.296875 0.140625
v 0.609375 2.390625 0.046875
v 0.609375 2.390625 0.140625
v 0.609375 2.484375 0.046875
v 0.609375 2.484375 0.140625
v 0.609375 2.578125 0.046875
v 0.609375 2.578125 0.140625
v 0.515625 2.671875 0.140625
v 0.515625 2.765625 0.140625
v 0.515625 2.671875 0.234375
v 0.515625 2.765625 0.234375
v 0.609375 2.671875 0.046875
v 0.609375 2.671875 0.140625
v 0.609375 2.765625 0.046875
v 0.609375 2.765625 0.140625
vn -1.0000 -0.0000 -0.0000
vn -0.0000 -0.0000 -1.0000
vn 1.0000 -0.0000 -0.0000
vn -0.0000 -0.0000 1.0000
s 0
usemtl Red
f 2537//19 2538//19 2540//19 2539//19
f 2537//20 2539//20 2544//20 2543//20
f 2541//19 2543//19 2544//19 2542//19
f 2545//19 2546//19 2548//19 2547//19
f 2549//19 2550//19 2552//19 2551//19
f 2545//20 2547//20 2556//20 2555//20
f 2549//20 2551//20 2560//20 2559//20
f 2547//19 2548//19 2550//19 2549//19
f 2553//19 2555//19 2556//19 2554//19
f 2557//19 2559//19 2560//19 2558//19
f 2554//19 2556//19 2559//19 2557//19
f 2547//20 2549//20 2559//20 2556//20
f 2539//19 2540//19 2546//19 2545//19
f 2542//19 2544//19 2555//19 2553//19
f 2539//20 2545//20 2555//20 2544//20
f 2561//19 2562//19 2564//19 2563//19
f 2565//19 2566//19 2568//19 2567//19
f 2575//21 2576//21 2574//21 2573//21
f 2561//20 2563//20 2571//20 2570//20
f 2565//20 2567//20 2575//20 2573//20
f 2563//19 2564//19 2566//19 2565//19
f 2573//21 2574//21 2572//21 2571//21
f 2563//20 2565//20 2573//20 2571//20
f 2577//19 2578//19 2580//19 2579//19
f 2581//19 2582//19 2584//19 2583//19
f 2587//21 2588//21 2586//21 2585//21
f 2591//21 2592//21 2590//21 2589//21
f 2577//20 2579//20 2587//20 2585//20
f 2581//20 2583//20 2591//20 2589//20
f 2579//19 2580//19 2582//19 2581//19
f 2589//21 2590//21 2588//21 2587//21
f 2579//20 2581//20 2589//20 2587//20
f 2567//19 2568//19 2578//19 2577//19
f 2585//21 2586//21 2576//21 2575//21
f 2567//20 2577//20 2585//20 2575//20
f 2551//19 2552//19 2562//19 2561//19
f 2558//19 2560//19 2570//19 2569//19
f 2551//20 2561//20 2570//20 2560//20
f 2593//19 2594//19 2596//19 2595//19
f 2597//22 2598//22 2596//22 2594//22
f 2597//19 2599//19 2600//19 2598//19
f 2601//19 2602//19 2604//19 2603//19
f 2605//19 2606//19 2608//19 2607//19
f 2609//22 2610//22 2604//22 2602//22
f 2613//22 2614//22 2608//22 2606//22
f 2603//19 2604//19 2606//19 2605//19
f 2609//19 2611//19 2612//19 2610//19
f 2613//19 2615//19 2616//19 2614//19
f 2610//19 2612//19 2615//19 2613//19
f 2610//22 2613//22 2606//22 2604//22
f 2595//19 2596//19 2602//19 2601//19
f 2598//19 2600//19 2611//19 2609//19
f 2598//22 2609//22 2602//22 2596//22
f 2617//19 2618//19 2620//19 2619//19
f 2621//19 2622//19 2624//19 2623//19
f 2631//21 2632//21 2630//21 2629//21
f 2625//22 2627//22 2620//22 2618//22
f 2630//22 2632//22 2624//22 2622//22
f 2619//19 2620//19 2622//19 2621//19
f 2629//21 2630//21 2627//21 2626//21
f 2627//22 2630//22 2622//22 2620//22
f 2633//19 2634//19 2636//19 2635//19
f 2637//19 2638//19 2640//19 2639//19
f 2643//21 2644//21 2642//21 2641//21
f 2647//21 2648//21 2646//21 2645//21
f 2642//22 2644//22 2636//22 2634//22
f 2646//22 2648//22 2640//22 2638//22
f 2635//19 2636//19 2638//19 2637//19
f 2645//21 2646//21 2644//21 2643//21
f 2644//22 2646//22 2638//22 2636//22
f 2623//19 2624//19 2634//19 2633//19
f 2641//21 2642//21 2632//21 2631//21
f 2632//22 2642//22 2634//22 2624//22
f 2607//19 2608//19 2618//19 2617//19
f 2614//19 2616//19 2628//19 2625//19
f 2614//22 2625//22 2618//22 2608//22
f 2649//19 2650//19 2652//19 2651//19
f 2653//19 2654//19 2656//19 2655//19
f 2659//21 2660//21 2658//21 2657//21
f 2663//21 2664//21 2662//21 2661//21
f 2649//20 2651//20 2659//20 2657//20
f 2653//20 2655//20 2663//20 2661//20
f 2651//19 2652//19 2654//19 2653//19
f 2661//21 2662//21 2660//21 2659//21
f 2651//20 2653//20 2661//20 2659//20
f 2665//19 2666//19 2668//19 2667//19
f 2669//19 2670//19 2672//19 2671//19
f 2675//21 2676//21 2674//21 2673//21
f 2665//20 2667//20 2675//20 2673//20
f 2669//20 2671//20 2680//20 2678//20
f 2667//19 2668//19 2670//19 2669//19
f 2678//21 2679//21 2676//21 2675//21
f 2667//20 2669//20 2678//20 2675//20
f 2655//19 2656//19 2666//19 2665//19
f 2673//21 2674//21 2664//21 2663//21
f 2655//20 2665//20 2673//20 2663//20
f 2681//19 2682//19 2684//19 2683//19
f 2685//19 2686//19 2688//19 2687//19
f 2681//20 2683//20 2692//20 2691//20
f 2685//20 2687//20 2696//20 2695//20
f 2683//19 2684//19 2686//19 2685//19
f 2689//19 2691//19 2692//19 2690//19
f 2693//19 2695//19 2696//19 2694//19
f 2690//19 2692//19 2695//19 2693//19
f 2683//20 2685//20 2695//20 2692//20
f 2697//19 2698//19 2700//19 2699//19
f 2697//20 2699//20 2704//20 2703//20
f 2701//19 2703//19 2704//19 2702//19
f 2687//19 2688//19 2698//19 2697//19
f 2694//19 2696//19 2703//19 2701//19
f 2687//20 2697//20 2703//20 2696//20
f 2671//19 2672//19 2682//19 2681//19
f 2677//19 2680//19 2691//19 2689//19
f 2671//20 2681//20 2691//20 2680//20
f 2705//19 2706//19 2708//19 2707//19
f 2709//19 2710//19 2712//19 2711//19
f 2715//21 2716//21 2714//21 2713//21
f 2719//21 2720//21 2718//21 2717//21
f 2714//22 2716//22 2708//22 2706//22
f 2718//22 2720//22 2712//22 2710//22
f 2707//19 2708//19 2710//19 2709//19
f 2717//21 2718//21 2716//21 2715//21
f 2716//22 2718//22 2710//22 2708//22
f 2721//19 2722//19 2724//19 2723//19
f 2725//19 2726//19 2728//19 2727//19
f 2731//21 2732//21 2730//21 2729//21
f 2730//22 2732//22 2724//22 2722//22
f 2734//22 2735//22 2728//22 2726//22
f 2723//19 2724//19 2726//19 2725//19
f 2733//21 2734//21 2732//21 2731//21
f 2732//22 2734//22 2726//22 2724//22
f 2711//19 2712//19 2722//19 2721//19
f 2729//21 2730//21 2720//21 2719//21
f 2720//22 2730//22 2722//22 2712//22
f 2737//19 2738//19 2740//19 2739//19
f 2741//19 2742//19 2744//19 2743//19
f 2745//22 2746//22 2740//22 2738//22
f 2749//22 2750//22 2744//22 2742//22
f 2739//19 2740//19 2742//19 2741//19
f 2745//19 2747//19 2748//19 2746//19
f 2749//19 2751//19 2752//19 2750//19
f 2746//19 2748//19 2751//19 2749//19
f 2746//22 2749//22 2742//22 2740//22
f 2753//19 2754//19 2756//19 2755//19
f 2757//22 2758//22 2756//22 2754//22
f 2757//19 2759//19 2760//19 2758//19
f 2743//19 2744//19 2754//19 2753//19
f 2750//19 2752//19 2759//19 2757//19
f 2750//22 2757//22 2754//22 2744//22
f 2727//19 2728//19 2738//19 2737//19
f 2735//19 2736//19 2747//19 2745//19
f 2735//22 2745//22 2738//22 2728//22
f 2767//21 2768//21 2766//21 2765//21
f 2763//20 2764//20 2767//20 2765//20
f 2762//21 2764//21 2763//21 2761//21
f 2779//21 2780//21 2778//21 2777//21
f 2783//21 2784//21 2782//21 2781//21
f 2771//20 2772//20 2779//20 2777//20
f 2775//20 2776//20 2783//20 2781//20
f 2781//21 2782//21 2780//21 2779//21
f 2770//21 2772//21 2771//21 2769//21
f 2774//21 2776//21 2775//21 2773//21
f 2773//21 2775//21 2772//21 2770//21
f 2772//20 2775//20 2781//20 2779//20
f 2777//21 2778//21 2768//21 2767//21
f 2769//21 2771//21 2764//21 2762//21
f 2764//20 2771//20 2777//20 2767//20
f 2789//19 2790//19 2792//19 2791//19
f 2795//21 2796//21 2794//21 2793//21
f 2799//21 2800//21 2798//21 2797//21
f 2786//20 2787//20 2795//20 2793//20
f 2789//20 2791//20 2799//20 2797//20
f 2787//19 2788//19 2790//19 2789//19
f 2797//21 2798//21 2796//21 2795//21
f 2787//20 2789//20 2797//20 2795//20
f 2801//19 2802//19 2804//19 2803//19
f 2805//19 2806//19 2808//19 2807//19
f 2811//21 2812//21 2810//21 2809//21
f 2815//21 2816//21 2814//21 2813//21
f 2801//20 2803//20 2811//20 2809//20
f 2805//20 2807//20 2815//20 2813//20
f 2803//19 2804//19 2806//19 2805//19
f 2813//21 2814//21 2812//21 2811//21
f 2803//20 2805//20 2813//20 2811//20
f 2791//19 2792//19 2802//19 2801//19
f 2809//21 2810//21 2800//21 2799//21
f 2791//20 2801//20 2809//20 2799//20
f 2793//21 2794//21 2784//21 2783//21
f 2785//21 2786//21 2776//21 2774//21
f 2776//20 2786//20 2793//20 2783//20
f 2823//21 2824//21 2822//21 2821//21
f 2822//22 2824//22 2818//22 2817//22
f 2818//21 2820//21 2819//21 2817//21
f 2835//21 2836//21 2834//21 2833//21
f 2839//21 2840//21 2838//21 2837//21
f 2834//22 2836//22 2826//22 2825//22
f 2838//22 2840//22 2830//22 2829//22
f 2837//21 2838//21 2836//21 2835//21
f 2826//21 2828//21 2827//21 2825//21
f 2830//21 2832//21 2831//21 2829//21
f 2829//21 2831//21 2828//21 2826//21
f 2836//22 2838//22 2829//22 2826//22
f 2833//21 2834//21 2824//21 2823//21
f 2825//21 2827//21 2820//21 2818//21
f 2824//22 2834//22 2825//22 2818//22
f 2845//19 2846//19 2848//19 2847//19
f 2851//21 2852//21 2850//21 2849//21
f 2855//21 2856//21 2854//21 2853//21
f 2850//22 2852//22 2843//22 2841//22
f 2854//22 2856//22 2848//22 2846//22
f 2842//19 2843//19 2846//19 2845//19
f 2853//21 2854//21 2852//21 2851//21
f 2852//22 2854//22 2846//22 2843//22
f 2857//19 2858//19 2860//19 2859//19
f 2861//19 2862//19 2864//19 2863//19
f 2867//21 2868//21 2866//21 2865//21
f 2871//21 2872//21 2870//21 2869//21
f 2866//22 2868//22 2860//22 2858//22
f 2870//22 2872//22 2864//22 2862//22
f 2859//19 2860//19 2862//19 2861//19
f 2869//21 2870//21 2868//21 2867//21
f 2868//22 2870//22 2862//22 2860//22
f 2847//19 2848//19 2858//19 2857//19
f 2865//21 2866//21 2856//21 2855//21
f 2856//22 2866//22 2858//22 2848//22
f 2849//21 2850//21 2840//21 2839//21
f 2841//21 2844//21 2832//21 2830//21
f 2840//22 2850//22 2841//22 2830//22
f 2873//19 2874//19 2876//19 2875//19
f 2877//19 2878//19 2880//19 2879//19
f 2883//21 2884//21 2882//21 2881//21
f 2887//21 2888//21 2886//21 2885//21
f 2873//20 2875//20 2883//20 2881//20
f 2877//20 2879//20 2887//20 2885//20
f 2875//19 2876//19 2878//19 2877//19
f 2885//21 2886//21 2884//21 2883//21
f 2875//20 2877//20 2885//20 2883//20
f 2889//19 2890//19 2892//19 2891//19
f 2899//21 2900//21 2898//21 2897//21
f 2903//21 2904//21 2902//21 2901//21
f 2889//20 2891//20 2899//20 2897//20
f 2894//20 2896//20 2903//20 2901//20
f 2891//19 2892//19 2895//19 2894//19
f 2901//21 2902//21 2900//21 2899//21
f 2891//20 2894//20 2901//20 2899//20
f 2879//19 2880//19 2890//19 2889//19
f 2897//21 2898//21 2888//21 2887//21
f 2879//20 2889//20 2897//20 2887//20
f 2915//21 2916//21 2914//21 2913//21
f 2919//21 2920//21 2918//21 2917//21
f 2907//20 2908//20 2915//20 2913//20
f 2911//20 2912//20 2919//20 2917//20
f 2917//21 2918//21 2916//21 2915//21
f 2906//21 2908//21 2907//21 2905//21
f 2910//21 2912//21 2911//21 2909//21
f 2909//21 2911//21 2908//21 2906//21
f 2908//20 2911//20 2917//20 2915//20
f 2927//21 2928//21 2926//21 2925//21
f 2923//20 2924//20 2927//20 2925//20
f 2922//21 2924//21 2923//21 2921//21
f 2925//21 2926//21 2920//21 2919//21
f 2921//21 2923//21 2912//21 2910//21
f 2912//20 2923//20 2925//20 2919//20
f 2913//21 2914//21 2904//21 2903//21
f 2905//21 2907//21 2896//21 2893//21
f 2896//20 2907//20 2913//20 2903//20
f 2929//19 2930//19 2932//19 2931//19
f 2933//19 2934//19 2936//19 2935//19
f 2939//21 2940//21 2938//21 2937//21
f 2943//21 2944//21 2942//21 2941//21
f 2938//22 2940//22 2932//22 2930//22
f 2942//22 2944//22 2936//22 2934//22
f 2931//19 2932//19 2934//19 2933//19
f 2941//21 2942//21 2940//21 2939//21
f 2940//22 2942//22 2934//22 2932//22
f 2945//19 2946//19 2948//19 2947//19
f 2955//21 2956//21 2954//21 2953//21
f 2959//21 2960//21 2958//21 2957//21
f 2954//22 2956//22 2948//22 2946//22
f 2958//22 2960//22 2951//22 2950//22
f 2947//19 2948//19 2950//19 2949//19
f 2957//21 2958//21 2956//21 2955//21
f 2956//22 2958//22 2950//22 2948//22
f 2935//19 2936//19 2946//19 2945//19
f 2953//21 2954//21 2944//21 2943//21
f 2944//22 2954//22 2946//22 2936//22
f 2971//21 2972//21 2970//21 2969//21
f 2975//21 2976//21 2974//21 2973//21
f 2970//22 2972//22 2962//22 2961//22
f 2974//22 2976//22 2966//22 2965//22
f 2973//21 2974//21 2972//21 2971//21
f 2962//21 2964//21 2963//21 2961//21
f 2966//21 2968//21 2967//21 2965//21
f 2965//21 2967//21 2964//21 2962//21
f 2972//22 2974//22 2965//22 2962//22
f 2983//21 2984//21 2982//21 2981//21
f 2982//22 2984//22 2978//22 2977//22
f 2978//21 2980//21 2979//21 2977//21
f 2981//21 2982//21 2976//21 2975//21
f 2977//21 2979//21 2968//21 2966//21
f 2976//22 2982//22 2977//22 2966//22
f 2969//21 2970//21 2960//21 2959//21
f 2961//21 2963//21 2952//21 2951//21
f 2960//22 2970//22 2961//22 2951//22
f 2583//19 2584//19 2650//19 2649//19
f 2657//21 2658//21 2592//21 2591//21
f 2583//20 2649//20 2657//20 2591//20
f 2807//19 2808//19 2874//19 2873//19
f 2881//21 2882//21 2816//21 2815//21
f 2807//20 2873//20 2881//20 2815//20
f 2639//19 2640//19 2706//19 2705//19
f 2713//21 2714//21 2648//21 2647//21
f 2648//22 2714//22 2706//22 2640//22
f 2863//19 2864//19 2930//19 2929//19
f 2937//21 2938//21 2872//21 2871//21
f 2872//22 2938//22 2930//22 2864//22
f 2538//19 2593//19 2595//19 2540//19
f 2546//19 2601//19 2603//19 2548//19
f 2550//19 2605//19 2607//19 2552//19
f 2548//19 2603//19 2605//19 2550//19
f 2540//19 2595//19 2601//19 2546//19
f 2562//19 2617//19 2619//19 2564//19
f 2566//19 2621//19 2623//19 2568//19
f 2576//21 2631//21 2629//21 2574//21
f 2564//19 2619//19 2621//19 2566//19
f 2574//21 2629//21 2626//21 2572//21
f 2578//19 2633//19 2635//19 2580//19
f 2582//19 2637//19 2639//19 2584//19
f 2588//21 2643//21 2641//21 2586//21
f 2592//21 2647//21 2645//21 2590//21
f 2580//19 2635//19 2637//19 2582//19
f 2590//21 2645//21 2643//21 2588//21
f 2568//19 2623//19 2633//19 2578//19
f 2586//21 2641//21 2631//21 2576//21
f 2552//19 2607//19 2617//19 2562//19
f 2650//19 2705//19 2707//19 2652//19
f 2654//19 2709//19 2711//19 2656//19
f 2660//21 2715//21 2713//21 2658//21
f 2664//21 2719//21 2717//21 2662//21
f 2652//19 2707//19 2709//19 2654//19
f 2662//21 2717//21 2715//21 2660//21
f 2666//19 2721//19 2723//19 2668//19
f 2670//19 2725//19 2727//19 2672//19
f 2676//21 2731//21 2729//21 2674//21
f 2668//19 2723//19 2725//19 2670//19
f 2679//21 2733//21 2731//21 2676//21
f 2656//19 2711//19 2721//19 2666//19
f 2674//21 2729//21 2719//21 2664//21
f 2682//19 2737//19 2739//19 2684//19
f 2686//19 2741//19 2743//19 2688//19
f 2684//19 2739//19 2741//19 2686//19
f 2698//19 2753//19 2755//19 2700//19
f 2688//19 2743//19 2753//19 2698//19
f 2672//19 2727//19 2737//19 2682//19
f 2768//21 2823//21 2821//21 2766//21
f 2780//21 2835//21 2833//21 2778//21
f 2784//21 2839//21 2837//21 2782//21
f 2782//21 2837//21 2835//21 2780//21
f 2778//21 2833//21 2823//21 2768//21
f 2790//19 2845//19 2847//19 2792//19
f 2796//21 2851//21 2849//21 2794//21
f 2800//21 2855//21 2853//21 2798//21
f 2788//19 2842//19 2845//19 2790//19
f 2798//21 2853//21 2851//21 2796//21
f 2802//19 2857//19 2859//19 2804//19
f 2806//19 2861//19 2863//19 2808//19
f 2812//21 2867//21 2865//21 2810//21
f 2816//21 2871//21 2869//21 2814//21
f 2804//19 2859//19 2861//19 2806//19
f 2814//21 2869//21 2867//21 2812//21
f 2792//19 2847//19 2857//19 2802//19
f 2810//21 2865//21 2855//21 2800//21
f 2794//21 2849//21 2839//21 2784//21
f 2874//19 2929//19 2931//19 2876//19
f 2878//19 2933//19 2935//19 2880//19
f 2884//21 2939//21 2937//21 2882//21
f 2888//21 2943//21 2941//21 2886//21
f 2876//19 2931//19 2933//19 2878//19
f 2886//21 2941//21 2939//21 2884//21
f 2890//19 2945//19 2947//19 2892//19
f 2900//21 2955//21 2953//21 2898//21
f 2904//21 2959//21 2957//21 2902//21
f 2892//19 2947//19 2949//19 2895//19
f 2902//21 2957//21 2955//21 2900//21
f 2880//19 2935//19 2945//19 2890//19
f 2898//21 2953//21 2943//21 2888//21
f 2916//21 2971//21 2969//21 2914//21
f 2920//21 2975//21 2973//21 2918//21
f 2918//21 2973//21 2971//21 2916//21
f 2928//21 2983//21 2981//21 2926//21
f 2926//21 2981//21 2975//21 2920//21
f 2914//21 2969//21 2959//21 2904//21
f 2584//19 2639//19 2705//19 2650//19
f 2658//21 2713//21 2647//21 2592//21
f 2808//19 2863//19 2929//19 2874//19
f 2882//21 2937//21 2871//21 2816//21
o Sand
v -0.369185 0.205103 -0.287144
v -0.369185 0.205103 -0.205103
v -0.369185 0.287144 -0.287144
v -0.369185 0.287144 -0.205103
v -0.369185 0.205103 -0.123062
v -0.369185 0.205103 -0.041021
v -0.369185 0.287144 -0.123062
v -0.369185 0.287144 -0.041021
v -0.369185 0.369185 -0.287144
v -0.369185 0.369185 -0.205103
v -0.369185 0.451226 -0.287144
v -0.369185 0.451226 -0.205103
v -0.369185 0.369185 -0.123062
v -0.369185 0.369185 -0.041021
v -0.369185 0.451226 -0.123062
v -0.369185 0.451226 -0.041021
v -0.369185 0.533267 -0.287144
v -0.369185 0.533267 -0.205103
v -0.369185 0.615308 -0.287144
v -0.369185 0.615308 -0.205103
v -0.369185 0.533267 -0.123062
v -0.369185 0.533267 -0.041021
v -0.369185 0.615308 -0.123062
v -0.369185 0.615308 -0.041021
v -0.287144 0.205103 -0.369185
v -0.287144 0.287144 -0.369185
v -0.205103 0.205103 -0.451226
v -0.205103 0.205103 -0.369185
v -0.205103 0.287144 -0.451226
v -0.205103 0.287144 -0.369185
v -0.123062 0.205103 -0.451226
v -0.123062 0.205103 -0.369185
v -0.123062 0.287144 -0.451226
v -0.123062 0.287144 -0.369185
v -0.041021 0.205103 -0.451226
v -0.041021 0.205103 -0.369185
v -0.041021 0.287144 -0.451226
v -0.041021 0.287144 -0.369185
v -0.287144 0.205103 -0.287144
v -0.287144 0.205103 -0.205103
v -0.287144 0.287144 -0.287144
v -0.287144 0.287144 -0.205103
v -0.205103 0.205103 -0.287144
v -0.205103 0.287144 -0.287144
v -0.287144 0.369185 -0.369185
v -0.287144 0.451226 -0.369185
v -0.205103 0.369185 -0.451226
v -0.205103 0.369185 -0.369185
v -0.205103 0.451226 -0.451226
v -0.205103 0.451226 -0.369185
v -0.287144 0.533267 -0.369185
v -0.287144 0.615308 -0.369185
v -0.205103 0.533267 -0.451226
v -0.205103 0.533267 -0.369185
v -0.205103 0.615308 -0.451226
v -0.205103 0.615308 -0.369185
v -0.123062 0.369185 -0.451226
v -0.123062 0.369185 -0.369185
v -0.123062 0.451226 -0.451226
v -0.123062 0.451226 -0.369185
v -0.041021 0.369185 -0.451226
v -0.041021 0.369185 -0.369185
v -0.041021 0.451226 -0.451226
v -0.041021 0.451226 -0.369185
v -0.123062 0.533267 -0.451226
v -0.123062 0.533267 -0.369185
v -0.123062 0.615308 -0.451226
v -0.123062 0.615308 -0.369185
v -0.041021 0.533267 -0.451226
v -0.041021 0.533267 -0.369185
v -0.041021 0.615308 -0.451226
v -0.041021 0.615308 -0.369185
v -0.287144 0.369185 -0.287144
v -0.287144 0.369185 -0.205103
v -0.287144 0.451226 -0.287144
v -0.287144 0.451226 -0.205103
v -0.205103 0.369185 -0.287144
v -0.205103 0.451226 -0.287144
v -0.287144 0.533267 -0.287144
v -0.287144 0.533267 -0.205103
v -0.287144 0.615308 -0.287144
v -0.287144 0.615308 -0.205103
v -0.205103 0.533267 -0.287144
v -0.205103 0.615308 -0.287144
v -0.123062 0.533267 -0.287144
v -0.123062 0.615308 -0.287144
v -0.369185 0.697349 -0.287144
v -0.369185 0.697349 -0.205103
v -0.369185 0.779391 -0.205103
v -0.369185 0.697349 -0.123062
v -0.369185 0.697349 -0.041021
v -0.369185 0.779391 -0.123062
v -0.369185 0.779391 -0.041021
v -0.369185 0.861432 -0.205103
v -0.369185 0.943473 -0.205103
v -0.369185 0.861432 -0.123062
v -0.369185 0.861432 -0.041021
v -0.369185 0.943473 -0.123062
v -0.369185 0.943473 -0.041021
v -0.369185 1.025514 -0.123062
v -0.369185 1.025514 -0.041021
v -0.287144 0.697349 -0.369185
v -0.205103 0.697349 -0.451226
v -0.205103 0.697349 -0.369185
v -0.205103 0.779391 -0.369185
v -0.205103 0.861432 -0.369185
v -0.205103 0.943473 -0.369185
v -0.123062 0.697349 -0.451226
v -0.123062 0.697349 -0.369185
v -0.123062 0.779391 -0.451226
v -0.123062 0.779391 -0.369185
v -0.041021 0.697349 -0.451226
v -0.041021 0.697349 -0.369185
v -0.041021 0.779391 -0.451226
v -0.123062 0.861432 -0.451226
v -0.123062 0.861432 -0.369185
v -0.123062 0.943473 -0.369185
v -0.041021 0.861432 -0.451226
v -0.041021 0.861432 -0.369185
v -0.041021 0.943473 -0.369185
v -0.287144 0.697349 -0.287144
v -0.287144 0.697349 -0.205103
v -0.287144 0.779391 -0.287144
v -0.287144 0.779391 -0.205103
v -0.205103 0.697349 -0.287144
v -0.205103 0.697349 -0.205103
v -0.205103 0.779391 -0.287144
v -0.205103 0.779391 -0.205103
v -0.287144 0.697349 -0.123062
v -0.287144 0.697349 -0.041021
v -0.287144 0.779391 -0.123062
v -0.287144 0.779391 -0.041021
v -0.205103 0.697349 -0.123062
v -0.205103 0.779391 -0.123062
v -0.205103 0.779391 -0.041021
v -0.287144 0.861432 -0.287144
v -0.287144 0.861432 -0.205103
v -0.287144 0.943473 -0.287144
v -0.287144 0.943473 -0.205103
v -0.205103 0.861432 -0.287144
v -0.205103 0.943473 -0.287144
v -0.205103 0.943473 -0.205103
v -0.287144 0.943473 -0.123062
v -0.205103 0.861432 -0.123062
v -0.205103 0.861432 -0.041021
v -0.205103 0.943473 -0.123062
v -0.205103 0.943473 -0.041021
v -0.123062 0.697349 -0.287144
v -0.123062 0.697349 -0.205103
v -0.123062 0.779391 -0.287144
v -0.123062 0.779391 -0.205103
v -0.041021 0.697349 -0.287144
v -0.041021 0.779391 -0.287144
v -0.041021 0.779391 -0.205103
v -0.123062 0.779391 -0.123062
v -0.123062 0.861432 -0.205103
v -0.123062 0.943473 -0.287144
v -0.123062 0.943473 -0.205103
v -0.041021 0.861432 -0.205103
v -0.041021 0.943473 -0.205103
v -0.123062 0.861432 -0.123062
v -0.123062 0.943473 -0.123062
v -0.123062 0.943473 -0.041021
v -0.041021 0.943473 -0.123062
v -0.123062 1.025514 -0.369185
v -0.041021 1.025514 -0.369185
v -0.287144 1.025514 -0.123062
v -0.287144 1.025514 -0.041021
v -0.123062 1.025514 -0.287144
v -0.041021 1.025514 -0.287144
v -0.123062 1.025514 -0.123062
v -0.123062 1.025514 -0.041021
v -0.041021 1.025514 -0.123062
v -0.369185 0.205103 0.041021
v -0.369185 0.205103 0.123062
v -0.369185 0.287144 0.041021
v -0.369185 0.287144 0.123062
v -0.369185 0.205103 0.205103
v -0.369185 0.205103 0.287144
v -0.369185 0.287144 0.205103
v -0.369185 0.287144 0.287144
v -0.369185 0.369185 0.041021
v -0.369185 0.369185 0.123062
v -0.369185 0.451226 0.041021
v -0.369185 0.451226 0.123062
v -0.369185 0.369185 0.205103
v -0.369185 0.369185 0.287144
v -0.369185 0.451226 0.205103
v -0.369185 0.451226 0.287144
v -0.369185 0.533267 0.041021
v -0.369185 0.533267 0.123062
v -0.369185 0.615308 0.041021
v -0.369185 0.615308 0.123062
v -0.369185 0.533267 0.205103
v -0.369185 0.533267 0.287144
v -0.369185 0.615308 0.205103
v -0.369185 0.615308 0.287144
v -0.287144 0.205103 0.205103
v -0.287144 0.205103 0.287144
v -0.287144 0.287144 0.205103
v -0.287144 0.287144 0.287144
v -0.205103 0.205103 0.287144
v -0.205103 0.287144 0.287144
v -0.287144 0.205103 0.369185
v -0.287144 0.287144 0.369185
v -0.205103 0.205103 0.369185
v -0.205103 0.205103 0.451226
v -0.205103 0.287144 0.369185
v -0.205103 0.287144 0.451226
v -0.123062 0.205103 0.369185
v -0.123062 0.205103 0.451226
v -0.123062 0.287144 0.369185
v -0.123062 0.287144 0.451226
v -0.041021 0.205103 0.369185
v -0.041021 0.205103 0.451226
v -0.041021 0.287144 0.369185
v -0.041021 0.287144 0.451226
v -0.287144 0.369185 0.205103
v -0.287144 0.369185 0.287144
v -0.287144 0.451226 0.205103
v -0.287144 0.451226 0.287144
v -0.205103 0.369185 0.287144
v -0.205103 0.451226 0.287144
v -0.287144 0.533267 0.205103
v -0.287144 0.533267 0.287144
v -0.287144 0.615308 0.205103
v -0.287144 0.615308 0.287144
v -0.205103 0.533267 0.287144
v -0.205103 0.615308 0.287144
v -0.123062 0.533267 0.287144
v -0.123062 0.615308 0.287144
v -0.287144 0.369185 0.369185
v -0.287144 0.451226 0.369185
v -0.205103 0.369185 0.369185
v -0.205103 0.369185 0.451226
v -0.205103 0.451226 0.369185
v -0.205103 0.451226 0.451226
v -0.287144 0.533267 0.369185
v -0.287144 0.615308 0.369185
v -0.205103 0.533267 0.369185
v -0.205103 0.533267 0.451226
v -0.205103 0.615308 0.369185
v -0.205103 0.615308 0.451226
v -0.123062 0.369185 0.369185
v -0.123062 0.369185 0.451226
v -0.123062 0.451226 0.369185
v -0.123062 0.451226 0.451226
v -0.041021 0.369185 0.369185
v -0.041021 0.369185 0.451226
v -0.041021 0.451226 0.369185
v -0.041021 0.451226 0.451226
v -0.123062 0.533267 0.369185
v -0.123062 0.533267 0.451226
v -0.123062 0.615308 0.369185
v -0.123062 0.615308 0.451226
v -0.041021 0.533267 0.369185
v -0.041021 0.533267 0.451226
v -0.041021 0.615308 0.369185
v -0.041021 0.615308 0.451226
v -0.287144 0.943473 0.041020
v -0.287144 0.943473 -0.041021
v -0.205103 0.943473 -0.041021
v -0.369185 0.697349 0.041021
v -0.369185 0.697349 0.123062
v -0.369185 0.779391 0.041020
v -0.369185 0.779391 0.123062
v -0.205103 0.943473 0.041020
v -0.369185 0.697349 0.205103
v -0.369185 0.697349 0.287144
v -0.369185 0.779391 0.205103
v -0.369185 0.861432 0.041020
v -0.369185 0.861432 0.123062
v -0.369185 0.943473 0.041020
v -0.369185 0.943473 0.123062
v -0.369185 0.861432 0.205103
v -0.369185 0.943473 0.205103
v -0.369185 1.025514 0.041020
v -0.369185 1.025514 0.123062
v -0.287144 0.697349 0.041021
v -0.287144 0.697349 0.123062
v -0.287144 0.779391 0.041020
v -0.287144 0.779391 0.123062
v -0.205103 0.697349 0.123062
v -0.205103 0.779391 0.041020
v -0.205103 0.779391 0.123062
v -0.287144 0.697349 0.205103
v -0.287144 0.697349 0.287144
v -0.287144 0.779391 0.205103
v -0.287144 0.779391 0.287144
v -0.205103 0.697349 0.205103
v -0.205103 0.697349 0.287144
v -0.205103 0.779391 0.205103
v -0.205103 0.779391 0.287144
v -0.287144 0.943473 0.123062
v -0.205103 0.861432 0.041020
v -0.205103 0.861432 0.123062
v -0.205103 0.943473 0.041020
v -0.205103 0.943473 0.123062
v -0.287144 0.861432 0.205103
v -0.287144 0.861432 0.287144
v -0.287144 0.943473 0.205103
v -0.287144 0.943473 0.287144
v -0.205103 0.861432 0.287144
v -0.205103 0.943473 0.205103
v -0.205103 0.943473 0.287144
v -0.123062 0.779391 0.123062
v -0.123062 0.697349 0.205103
v -0.123062 0.697349 0.287144
v -0.123062 0.779391 0.205103
v -0.123062 0.779391 0.287144
v -0.041021 0.697349 0.287144
v -0.041021 0.779391 0.205103
v -0.041021 0.779391 0.287144
v -0.123062 0.861432 0.123062
v -0.123062 0.943473 0.041020
v -0.123062 0.943473 0.123062
v -0.041021 0.943473 0.123062
v -0.123062 0.861432 0.205103
v -0.123062 0.943473 0.205103
v -0.123062 0.943473 0.287144
v -0.041021 0.861432 0.205103
v -0.041021 0.943473 0.205103
v -0.287144 0.697349 0.369185
v -0.205103 0.697349 0.369185
v -0.205103 0.697350 0.451226
v -0.205103 0.779391 0.369185
v -0.205103 0.861432 0.369185
v -0.205103 0.943473 0.369185
v -0.123062 0.697349 0.369185
v -0.123062 0.697350 0.451226
v -0.123062 0.779391 0.369185
v -0.123062 0.779391 0.451226
v -0.041021 0.697349 0.369185
v -0.041021 0.697350 0.451226
v -0.041021 0.779391 0.451226
v -0.123062 0.861432 0.369185
v -0.123062 0.861432 0.451226
v -0.123062 0.943473 0.369185
v -0.041021 0.861432 0.369185
v -0.041021 0.861432 0.451226
v -0.041021 0.943473 0.369185
v -0.287144 1.025514 0.041020
v -0.287144 1.025514 0.123062
v -0.123062 1.025514 0.041020
v -0.123062 1.025514 0.123062
v -0.041021 1.025514 0.123062
v -0.123062 1.025514 0.287144
v -0.041021 1.025514 0.287144
v -0.123062 1.025514 0.369185
v -0.041021 1.025514 0.369185
v 0.041021 0.205103 -0.451226
v 0.041021 0.205103 -0.369185
v 0.041021 0.287144 -0.451226
v 0.041021 0.287144 -0.369185
v 0.123062 0.205103 -0.451226
v 0.123062 0.205103 -0.369185
v 0.123062 0.287144 -0.451226
v 0.123062 0.287144 -0.369185
v 0.205103 0.205103 -0.451226
v 0.205103 0.205103 -0.369185
v 0.205103 0.287144 -0.451226
v 0.205103 0.287144 -0.369185
v 0.287144 0.205103 -0.369185
v 0.287144 0.287144 -0.369185
v 0.205103 0.205103 -0.287144
v 0.205103 0.287144 -0.287144
v 0.287144 0.205103 -0.287144
v 0.287144 0.205103 -0.205103
v 0.287144 0.287144 -0.287144
v 0.287144 0.287144 -0.205103
v 0.041021 0.369185 -0.451226
v 0.041021 0.369185 -0.369185
v 0.041021 0.451226 -0.451226
v 0.041021 0.451226 -0.369185
v 0.123062 0.369185 -0.451226
v 0.123062 0.369185 -0.369185
v 0.123062 0.451226 -0.451226
v 0.123062 0.451226 -0.369185
v 0.041021 0.533267 -0.451226
v 0.041021 0.533267 -0.369185
v 0.041021 0.615308 -0.451226
v 0.041021 0.615308 -0.369185
v 0.123062 0.533267 -0.451226
v 0.123062 0.533267 -0.369185
v 0.123062 0.615308 -0.451226
v 0.123062 0.615308 -0.369185
v 0.205103 0.369185 -0.451226
v 0.205103 0.369185 -0.369185
v 0.205103 0.451226 -0.451226
v 0.205103 0.451226 -0.369185
v 0.287144 0.369185 -0.369185
v 0.287144 0.451226 -0.369185
v 0.205103 0.533267 -0.451226
v 0.205103 0.533267 -0.369185
v 0.205103 0.615308 -0.451226
v 0.205103 0.615308 -0.369185
v 0.287144 0.533267 -0.369185
v 0.287144 0.615308 -0.369185
v 0.123062 0.533267 -0.287144
v 0.123062 0.615308 -0.287144
v 0.205103 0.369185 -0.287144
v 0.205103 0.451226 -0.287144
v 0.287144 0.369185 -0.287144
v 0.287144 0.369185 -0.205103
v 0.287144 0.451226 -0.287144
v 0.287144 0.451226 -0.205103
v 0.205103 0.533267 -0.287144
v 0.205103 0.615308 -0.287144
v 0.287144 0.533267 -0.287144
v 0.287144 0.533267 -0.205103
v 0.287144 0.615308 -0.287144
v 0.287144 0.615308 -0.205103
v 0.369185 0.205103 -0.287144
v 0.369185 0.205103 -0.205103
v 0.369185 0.287144 -0.287144
v 0.369185 0.287144 -0.205103
v 0.369185 0.205103 -0.123062
v 0.369185 0.205103 -0.041021
v 0.369185 0.287144 -0.123062
v 0.369185 0.287144 -0.041021
v 0.369185 0.369185 -0.287144
v 0.369185 0.369185 -0.205103
v 0.369185 0.451226 -0.287144
v 0.369185 0.451226 -0.205103
v 0.369185 0.369185 -0.123062
v 0.369185 0.369185 -0.041021
v 0.369185 0.451226 -0.123062
v 0.369185 0.451226 -0.041021
v 0.369185 0.533267 -0.287144
v 0.369185 0.533267 -0.205103
v 0.369185 0.615308 -0.287144
v 0.369185 0.615308 -0.205103
v 0.369185 0.533267 -0.123062
v 0.369185 0.533267 -0.041021
v 0.369185 0.615308 -0.123062
v 0.369185 0.615308 -0.041021
v 0.041021 0.697349 -0.451226
v 0.041021 0.697349 -0.369185
v 0.041021 0.779391 -0.451226
v 0.123062 0.697349 -0.451226
v 0.123062 0.697349 -0.369185
v 0.123062 0.779391 -0.451226
v 0.123062 0.779391 -0.369185
v 0.041021 0.861432 -0.451226
v 0.041021 0.861432 -0.369185
v 0.041021 0.943473 -0.369185
v 0.123062 0.861432 -0.451226
v 0.123062 0.861432 -0.369185
v 0.123062 0.943473 -0.369185
v 0.205103 0.697349 -0.451226
v 0.205103 0.697349 -0.369185
v 0.205103 0.779391 -0.369185
v 0.287144 0.697349 -0.369185
v 0.205103 0.861432 -0.369185
v 0.205103 0.943473 -0.369185
v 0.041021 0.697349 -0.287144
v 0.041021 0.779391 -0.287144
v 0.041021 0.779391 -0.205103
v 0.123062 0.697349 -0.287144
v 0.123062 0.697349 -0.205103
v 0.123062 0.779391 -0.287144
v 0.123062 0.779391 -0.205103
v 0.123062 0.779391 -0.123062
v 0.041021 0.861432 -0.205103
v 0.041021 0.943473 -0.205103
v 0.123062 0.861432 -0.205103
v 0.123062 0.943473 -0.287144
v 0.123062 0.943473 -0.205103
v 0.041021 0.943473 -0.123062
v 0.123062 0.861432 -0.123062
v 0.123062 0.943473 -0.123062
v 0.123062 0.943473 -0.041021
v 0.205103 0.697349 -0.287144
v 0.205103 0.697349 -0.205103
v 0.205103 0.779391 -0.287144
v 0.205103 0.779391 -0.205103
v 0.287144 0.697349 -0.287144
v 0.287144 0.697349 -0.205103
v 0.287144 0.779391 -0.287144
v 0.287144 0.779391 -0.205103
v 0.205103 0.697349 -0.123062
v 0.205103 0.779391 -0.123062
v 0.205103 0.779391 -0.041021
v 0.287144 0.697349 -0.123062
v 0.287144 0.697349 -0.041021
v 0.287144 0.779391 -0.123062
v 0.287144 0.779391 -0.041021
v 0.205103 0.861432 -0.287144
v 0.205103 0.943473 -0.287144
v 0.205103 0.943473 -0.205103
v 0.287144 0.861432 -0.287144
v 0.287144 0.861432 -0.205103
v 0.287144 0.943473 -0.287144
v 0.287144 0.943473 -0.205103
v 0.205103 0.861432 -0.123062
v 0.205103 0.861432 -0.041021
v 0.205103 0.943473 -0.123062
v 0.205103 0.943473 -0.041021
v 0.287144 0.943473 -0.123062
v 0.041021 1.025514 -0.369185
v 0.123062 1.025514 -0.369185
v 0.041021 1.025514 -0.287144
v 0.123062 1.025514 -0.287144
v 0.041021 1.025514 -0.123062
v 0.123062 1.025514 -0.123062
v 0.123062 1.025514 -0.041021
v 0.287144 1.025514 -0.123062
v 0.287144 1.025514 -0.041021
v 0.369185 0.697349 -0.287144
v 0.369185 0.697349 -0.205103
v 0.369185 0.779391 -0.205103
v 0.369185 0.697349 -0.123062
v 0.369185 0.697349 -0.041021
v 0.369185 0.779391 -0.123062
v 0.369185 0.779391 -0.041021
v 0.369185 0.861432 -0.205103
v 0.369185 0.943473 -0.205103
v 0.369185 0.861432 -0.123062
v 0.369185 0.861432 -0.041021
v 0.369185 0.943473 -0.123062
v 0.369185 0.943473 -0.041021
v 0.369185 1.025514 -0.123062
v 0.369185 1.025514 -0.041021
v 0.205103 0.205103 0.287144
v 0.205103 0.287144 0.287144
v 0.287144 0.205103 0.205103
v 0.287144 0.205103 0.287144
v 0.287144 0.287144 0.205103
v 0.287144 0.287144 0.287144
v 0.041021 0.205103 0.369185
v 0.041021 0.205103 0.451226
v 0.041021 0.287144 0.369185
v 0.041021 0.287144 0.451226
v 0.123062 0.205103 0.369185
v 0.123062 0.205103 0.451226
v 0.123062 0.287144 0.369185
v 0.123062 0.287144 0.451226
v 0.205103 0.205103 0.369185
v 0.205103 0.205103 0.451226
v 0.205103 0.287144 0.369185
v 0.205103 0.287144 0.451226
v 0.287144 0.205103 0.369185
v 0.287144 0.287144 0.369185
v 0.123062 0.533267 0.287144
v 0.123062 0.615308 0.287144
v 0.205103 0.369185 0.287144
v 0.205103 0.451226 0.287144
v 0.287144 0.369185 0.205103
v 0.287144 0.369185 0.287144
v 0.287144 0.451226 0.205103
v 0.287144 0.451226 0.287144
v 0.205103 0.533267 0.287144
v 0.205103 0.615308 0.287144
v 0.287144 0.533267 0.205103
v 0.287144 0.533267 0.287144
v 0.287144 0.615308 0.205103
v 0.287144 0.615308 0.287144
v 0.041021 0.369185 0.369185
v 0.041021 0.369185 0.451226
v 0.041021 0.451226 0.369185
v 0.041021 0.451226 0.451226
v 0.123062 0.369185 0.369185
v 0.123062 0.369185 0.451226
v 0.123062 0.451226 0.369185
v 0.123062 0.451226 0.451226
v 0.041021 0.533267 0.369185
v 0.041021 0.533267 0.451226
v 0.041021 0.615308 0.369185
v 0.041021 0.615308 0.451226
v 0.123062 0.533267 0.369185
v 0.123062 0.533267 0.451226
v 0.123062 0.615308 0.369185
v 0.123062 0.615308 0.451226
v 0.205103 0.369185 0.369185
v 0.205103 0.369185 0.451226
v 0.205103 0.451226 0.369185
v 0.205103 0.451226 0.451226
v 0.287144 0.369185 0.369185
v 0.287144 0.451226 0.369185
v 0.205103 0.533267 0.369185
v 0.205103 0.533267 0.451226
v 0.205103 0.615308 0.369185
v 0.205103 0.615308 0.451226
v 0.287144 0.533267 0.369185
v 0.287144 0.615308 0.369185
v 0.369185 0.205103 0.041021
v 0.369185 0.205103 0.123062
v 0.369185 0.287144 0.041021
v 0.369185 0.287144 0.123062
v 0.369185 0.205103 0.205103
v 0.369185 0.205103 0.287144
v 0.369185 0.287144 0.205103
v 0.369185 0.287144 0.287144
v 0.369185 0.369185 0.041021
v 0.369185 0.369185 0.123062
v 0.369185 0.451226 0.041021
v 0.369185 0.451226 0.123062
v 0.369185 0.369185 0.205103
v 0.369185 0.369185 0.287144
v 0.369185 0.451226 0.205103
v 0.369185 0.451226 0.287144
v 0.369185 0.533267 0.041021
v 0.369185 0.533267 0.123062
v 0.369185 0.615308 0.041021
v 0.369185 0.615308 0.123062
v 0.369185 0.533267 0.205103
v 0.369185 0.533267 0.287144
v 0.369185 0.615308 0.205103
v 0.369185 0.615308 0.287144
v 0.123062 0.779391 0.123062
v 0.041021 0.697349 0.287144
v 0.041021 0.779391 0.205103
v 0.041021 0.779391 0.287144
v 0.123062 0.697349 0.205103
v 0.123062 0.697349 0.287144
v 0.123062 0.779391 0.205103
v 0.123062 0.779391 0.287144
v 0.041021 0.943473 0.123062
v 0.123062 0.861432 0.123062
v 0.123062 0.943473 0.041020
v 0.123062 0.943473 0.123062
v 0.041021 0.861432 0.205103
v 0.041021 0.943473 0.205103
v 0.123062 0.861432 0.205103
v 0.123062 0.943473 0.205103
v 0.123062 0.943473 0.287144
v 0.205103 0.697349 0.123062
v 0.205103 0.779391 0.041020
v 0.205103 0.779391 0.123062
v 0.287144 0.697349 0.041021
v 0.287144 0.697349 0.123062
v 0.287144 0.779391 0.041020
v 0.287144 0.779391 0.123062
v 0.205103 0.697349 0.205103
v 0.205103 0.697349 0.287144
v 0.205103 0.779391 0.205103
v 0.205103 0.779391 0.287144
v 0.287144 0.697349 0.205103
v 0.287144 0.697349 0.287144
v 0.287144 0.779391 0.205103
v 0.287144 0.779391 0.287144
v 0.205103 0.861432 0.041020
v 0.205103 0.861432 0.123062
v 0.205103 0.943473 0.041020
v 0.205103 0.943473 0.123062
v 0.287144 0.943473 0.123062
v 0.205103 0.861432 0.287144
v 0.205103 0.943473 0.205103
v 0.205103 0.943473 0.287144
v 0.287144 0.861432 0.205103
v 0.287144 0.861432 0.287144
v 0.287144 0.943473 0.205103
v 0.287144 0.943473 0.287144
v 0.041021 0.697349 0.369185
v 0.041021 0.697350 0.451226
v 0.041021 0.779391 0.451226
v 0.123062 0.697349 0.369185
v 0.123062 0.697350 0.451226
v 0.123062 0.779391 0.369185
v 0.123062 0.779391 0.451226
v 0.041021 0.861432 0.369185
v 0.041021 0.861432 0.451226
v 0.041021 0.943473 0.369185
v 0.123062 0.861432 0.369185
v 0.123062 0.861432 0.451226
v 0.123062 0.943473 0.369185
v 0.205103 0.697349 0.369185
v 0.205103 0.697350 0.451226
v 0.205103 0.779391 0.369185
v 0.287144 0.697349 0.369185
v 0.205103 0.861432 0.369185
v 0.205103 0.943473 0.369185
v 0.041021 1.025514 0.123062
v 0.123062 1.025514 0.041020
v 0.123062 1.025514 0.123062
v 0.041021 1.025514 0.287144
v 0.123062 1.025514 0.287144
v 0.287144 1.025514 0.041020
v 0.287144 1.025514 0.123062
v 0.041021 1.025514 0.369185
v 0.123062 1.025514 0.369185
v 0.369185 0.697349 0.041021
v 0.369185 0.697349 0.123062
v 0.369185 0.779391 0.041020
v 0.369185 0.779391 0.123062
v 0.369185 0.697349 0.205103
v 0.369185 0.697349 0.287144
v 0.369185 0.779391 0.205103
v 0.369185 0.861432 0.041020
v 0.369185 0.861432 0.123062
v 0.369185 0.943473 0.041020
v 0.369185 0.943473 0.123062
v 0.369185 0.861432 0.205103
v 0.369185 0.943473 0.205103
v 0.369185 1.025514 0.041020
v 0.369185 1.025514 0.123062
v -0.123062 1.025514 0.041020
v -0.123062 1.025514 -0.041021
v 0.123062 1.025514 -0.041021
v 0.123062 1.025514 0.041020
v -0.041021 1.025514 -0.123062
v 0.041021 1.025514 -0.123062
v 0.041021 1.025514 0.123062
v -0.041021 1.025514 0.123062
v -0.041021 1.025514 0.041020
v 0.041021 1.025514 0.041020
v -0.041021 1.025514 -0.041021
v 0.041021 1.025514 -0.041021
v 0.205103 0.943473 -0.041021
v 0.205103 0.943473 0.041020
v 0.287144 0.943473 0.041020
v 0.287144 0.943473 -0.041021
v -0.205103 0.861432 0.205103
v -0.123062 0.861432 0.205103
v 0.123062 0.862033 0.205103
v 0.205103 0.862033 0.205103
v 0.205103 0.861432 0.123062
v 0.287144 0.861432 0.123062
v -0.041021 0.943473 0.205103
v 0.041021 0.943473 0.205103
v 0.041021 0.943473 0.287144
v -0.041021 0.943473 0.287144
v -0.041021 0.943473 -0.287144
v 0.041021 0.943473 -0.287144
v 0.041021 0.943473 -0.205103
v -0.041021 0.943473 -0.205103
vn -1.0000 -0.0000 -0.0000
vn -0.0000 -0.0000 -1.0000
vn -0.0000 1.0000 -0.0000
vn 1.0000 -0.0000 -0.0000
vn -0.0000 -0.0000 1.0000
s 0
usemtl Sand
f 2985//23 2986//23 2988//23 2987//23
f 2991//23 2989//23 2990//23 2992//23
f 2988//23 2986//23 2989//23 2991//23
f 2993//23 2994//23 2996//23 2995//23
f 2999//23 2997//23 2998//23 3000//23
f 3001//23 3002//23 3004//23 3003//23
f 3007//23 3005//23 3006//23 3008//23
f 2995//23 2996//23 3002//23 3001//23
f 3005//23 2999//23 3000//23 3006//23
f 2996//23 2994//23 2997//23 2999//23
f 3004//23 3002//23 3005//23 3007//23
f 3002//23 2996//23 2999//23 3005//23
f 3011//23 3012//23 3014//23 3013//23
f 3009//24 3010//24 3014//24 3012//24
f 3015//24 3017//24 3021//24 3019//24
f 3020//24 3016//24 3018//24 3022//24
f 3011//24 3013//24 3017//24 3015//24
f 3016//24 3012//24 3014//24 3018//24
f 3025//23 3023//23 3024//23 3026//23
f 3027//24 3023//24 3025//24 3028//24
f 3031//23 3032//23 3034//23 3033//23
f 3029//24 3030//24 3034//24 3032//24
f 3037//23 3038//23 3040//23 3039//23
f 3035//24 3036//24 3040//24 3038//24
f 3041//24 3043//24 3047//24 3045//24
f 3046//24 3042//24 3044//24 3048//24
f 3049//24 3051//24 3055//24 3053//24
f 3054//24 3050//24 3052//24 3056//24
f 3031//24 3033//24 3043//24 3041//24
f 3042//24 3032//24 3034//24 3044//24
f 3037//24 3039//24 3051//24 3049//24
f 3033//23 3034//23 3038//23 3037//23
f 3030//24 3035//24 3038//24 3034//24
f 3043//24 3049//24 3053//24 3047//24
f 3048//24 3044//24 3050//24 3054//24
f 3033//24 3037//24 3049//24 3043//24
f 3044//24 3034//24 3038//24 3050//24
f 3059//23 3057//23 3058//23 3060//23
f 3061//24 3057//24 3059//24 3062//24
f 3065//23 3063//23 3064//23 3066//23
f 3067//24 3063//24 3065//24 3068//24
f 3069//24 3067//24 3068//24 3070//24
f 3063//23 3059//23 3060//23 3064//23
f 3062//24 3059//24 3063//24 3067//24
f 2985//24 2987//24 3025//24 3023//24
f 3024//24 2986//24 2988//24 3026//24
f 2993//24 2995//24 3059//24 3057//24
f 3058//24 2994//24 2996//24 3060//24
f 3001//24 3003//24 3065//24 3063//24
f 3064//24 3002//24 3004//24 3066//24
f 2995//24 3001//24 3063//24 3059//24
f 3060//24 2996//24 3002//24 3064//24
f 3013//23 3014//23 3032//23 3031//23
f 3010//24 3029//24 3032//24 3014//24
f 3017//24 3041//24 3045//24 3021//24
f 3022//24 3018//24 3042//24 3046//24
f 3013//24 3031//24 3041//24 3017//24
f 3018//24 3014//24 3032//24 3042//24
f 2987//23 2988//23 2994//23 2993//23
f 2997//23 2991//23 2992//23 2998//23
f 2994//23 2988//23 2991//23 2997//23
f 3057//23 3025//23 3026//23 3058//23
f 3028//24 3025//24 3057//24 3061//24
f 3009//23 3023//23 3025//23 3010//23
f 3014//23 3012//23 3027//23 3028//23
f 3029//23 3057//23 3059//23 3030//23
f 3034//23 3032//23 3061//23 3062//23
f 3035//23 3063//23 3065//23 3036//23
f 3052//23 3050//23 3069//23 3070//23
f 3030//23 3059//23 3063//23 3035//23
f 3038//23 3034//23 3062//23 3067//23
f 3038//25 3067//25 3069//25 3050//25
f 3010//23 3025//23 3057//23 3029//23
f 3032//23 3014//23 3028//23 3061//23
f 2987//24 2993//24 3057//24 3025//24
f 3026//24 2988//24 2994//24 3058//24
f 3080//23 3081//23 3083//23 3082//23
f 3076//23 3077//23 3081//23 3080//23
f 3072//23 3074//23 3076//23 3073//23
f 3078//23 3080//23 3082//23 3079//23
f 3073//23 3076//23 3080//23 3078//23
f 3092//23 3093//23 3095//23 3094//23
f 3092//24 3094//24 3098//24 3096//24
f 3100//25 3103//25 3102//25 3099//25
f 3100//24 3101//24 3104//24 3103//24
f 3088//25 3093//25 3092//25 3087//25
f 3088//24 3089//24 3095//24 3093//24
f 3090//24 3091//24 3101//24 3100//24
f 3094//23 3095//23 3100//23 3099//23
f 3094//24 3099//24 3102//24 3098//24
f 3089//24 3090//24 3100//24 3095//24
f 3105//23 3106//23 3108//23 3107//23
f 3105//25 3106//25 3110//25 3109//25
f 3105//24 3107//24 3111//24 3109//24
f 3115//23 3113//23 3114//23 3116//23
f 3115//25 3116//25 3119//25 3118//25
f 3117//24 3113//24 3115//24 3118//24
f 3120//23 3121//23 3123//23 3122//23
f 3123//25 3126//25 3125//25 3122//25
f 3120//24 3122//24 3125//24 3124//24
f 3130//23 3128//23 3129//23 3131//23
f 3134//23 3132//23 3133//23 3135//23
f 3134//25 3135//25 3138//25 3137//25
f 3136//24 3132//24 3134//24 3137//24
f 3143//24 3140//24 3142//24 3144//24
f 3109//25 3110//25 3133//25 3132//25
f 3133//24 3110//24 3112//24 3135//24
f 3130//25 3131//25 3147//25 3146//25
f 3145//24 3128//24 3130//24 3146//24
f 3107//23 3108//23 3121//23 3120//23
f 3107//24 3120//24 3124//24 3111//24
f 3138//24 3135//24 3140//24 3143//24
f 3128//23 3118//23 3119//23 3129//23
f 3112//23 3110//23 3117//23 3118//23
f 3106//25 3113//25 3117//25 3110//25
f 3142//23 3140//23 3145//23 3146//23
f 3142//25 3146//25 3148//25 3144//25
f 3140//23 3135//23 3139//23 3145//23
f 3112//25 3118//25 3139//25 3135//25
f 3139//24 3118//24 3128//24 3145//24
f 3072//25 3106//25 3105//25 3071//25
f 3072//24 3073//24 3108//24 3106//24
f 3074//25 3075//25 3114//25 3113//25
f 3078//24 3079//24 3123//24 3121//24
f 3072//25 3074//25 3113//25 3106//25
f 3082//25 3127//25 3123//25 3079//25
f 3073//24 3078//24 3121//24 3108//24
f 3085//25 3152//25 3151//25 3084//25
f 3101//24 3149//24 3150//24 3104//24
f 3082//23 3083//23 3085//23 3084//23
f 3155//23 3146//23 3147//23 3156//23
f 3148//24 3146//24 3155//24 3157//24
f 3088//23 3109//23 3111//23 3089//23
f 3105//25 3109//25 3088//25 3086//25
f 3090//23 3124//23 3125//23 3091//23
f 3093//25 3132//25 3136//25 3097//25
f 3089//23 3111//23 3124//23 3090//23
f 3125//25 3141//25 3101//25 3091//25
f 3153//25 3154//25 3150//25 3149//25
f 3101//23 3141//23 3153//23 3149//23
f 3082//24 3084//24 3151//24 3127//24
f 3039//23 3040//23 3088//23 3087//23
f 3036//24 3086//24 3088//24 3040//24
f 3051//24 3092//24 3096//24 3055//24
f 3056//24 3052//24 3093//24 3097//24
f 3039//24 3087//24 3092//24 3051//24
f 3003//23 3004//23 3072//23 3071//23
f 3074//23 3007//23 3008//23 3075//23
f 3072//23 3004//23 3007//23 3074//23
f 3105//23 3065//23 3066//23 3106//23
f 3068//24 3065//24 3105//24 3109//24
f 3070//24 3068//24 3109//24 3132//24
f 3036//23 3065//23 3105//23 3086//23
f 3093//23 3052//23 3070//23 3132//23
f 3003//24 3071//24 3105//24 3065//24
f 3066//24 3004//24 3072//24 3106//24
f 3160//23 3158//23 3159//23 3161//23
f 3162//23 3163//23 3165//23 3164//23
f 3152//26 3245//26 3127//26 3151//26
f 3161//23 3159//23 3162//23 3164//23
f 3168//23 3166//23 3167//23 3169//23
f 3170//23 3171//23 3173//23 3172//23
f 3244//26 3326//26 3327//26 3278//26
f 3176//23 3174//23 3175//23 3177//23
f 3178//23 3179//23 3181//23 3180//23
f 3130//25 3127//25 3245//25 3246//25
f 3174//23 3168//23 3169//23 3175//23
f 3172//23 3173//23 3179//23 3178//23
f 3246//25 3245//25 3244//25 3251//25
f 3169//23 3167//23 3170//23 3172//23
f 3177//23 3175//23 3178//23 3180//23
f 3175//23 3169//23 3172//23 3178//23
f 3184//23 3182//23 3183//23 3185//23
f 3183//27 3186//27 3187//27 3185//27
f 3190//23 3191//23 3193//23 3192//23
f 3190//27 3192//27 3189//27 3188//27
f 3194//27 3198//27 3200//27 3196//27
f 3199//27 3201//27 3197//27 3195//27
f 3190//27 3194//27 3196//27 3192//27
f 3195//27 3197//27 3193//27 3191//27
f 3204//23 3202//23 3203//23 3205//23
f 3203//27 3206//27 3207//27 3205//27
f 3210//23 3208//23 3209//23 3211//23
f 3209//27 3212//27 3213//27 3211//27
f 3212//27 3214//27 3215//27 3213//27
f 3208//23 3204//23 3205//23 3209//23
f 3205//27 3207//27 3212//27 3209//27
f 3218//23 3219//23 3221//23 3220//23
f 3218//27 3220//27 3217//27 3216//27
f 3224//23 3225//23 3227//23 3226//23
f 3224//27 3226//27 3223//27 3222//27
f 3228//27 3232//27 3234//27 3230//27
f 3233//27 3235//27 3231//27 3229//27
f 3236//27 3240//27 3242//27 3238//27
f 3241//27 3243//27 3239//27 3237//27
f 3218//27 3228//27 3230//27 3220//27
f 3229//27 3231//27 3221//27 3219//27
f 3237//27 3239//27 3227//27 3225//27
f 3220//23 3221//23 3225//23 3224//23
f 3220//27 3224//27 3222//27 3217//27
f 3230//27 3234//27 3240//27 3236//27
f 3235//27 3241//27 3237//27 3231//27
f 3220//27 3230//27 3236//27 3224//27
f 3231//27 3237//27 3225//27 3221//27
f 3162//27 3182//27 3184//27 3164//27
f 3183//27 3185//27 3165//27 3163//27
f 3170//27 3202//27 3204//27 3172//27
f 3203//27 3205//27 3173//27 3171//27
f 3178//27 3208//27 3210//27 3180//27
f 3209//27 3211//27 3181//27 3179//27
f 3172//27 3204//27 3208//27 3178//27
f 3205//27 3209//27 3179//27 3173//27
f 3166//23 3160//23 3161//23 3167//23
f 3164//23 3165//23 3171//23 3170//23
f 3245//26 3152//26 3326//26 3244//26
f 3167//23 3161//23 3164//23 3170//23
f 3202//23 3184//23 3185//23 3203//23
f 3185//27 3187//27 3206//27 3203//27
f 3192//23 3193//23 3219//23 3218//23
f 3192//27 3218//27 3216//27 3189//27
f 3196//27 3200//27 3232//27 3228//27
f 3201//27 3233//27 3229//27 3197//27
f 3192//27 3196//27 3228//27 3218//27
f 3197//27 3229//27 3219//27 3193//27
f 3183//23 3188//23 3189//23 3185//23
f 3187//23 3186//23 3190//23 3192//23
f 3203//23 3216//23 3217//23 3205//23
f 3207//23 3206//23 3218//23 3220//23
f 3209//23 3222//23 3223//23 3211//23
f 3215//23 3214//23 3236//23 3238//23
f 3205//23 3217//23 3222//23 3209//23
f 3212//23 3207//23 3220//23 3224//23
f 3212//25 3224//25 3236//25 3214//25
f 3185//23 3189//23 3216//23 3203//23
f 3206//23 3187//23 3192//23 3218//23
f 3164//27 3184//27 3202//27 3170//27
f 3185//27 3203//27 3171//27 3165//27
f 3074//23 3075//23 3077//23 3076//23
f 3077//23 3075//23 3247//23 3249//23
f 3255//23 3256//23 3258//23 3257//23
f 3249//23 3250//23 3256//23 3255//23
f 3248//23 3252//23 3254//23 3250//23
f 3249//23 3247//23 3248//23 3250//23
f 3256//23 3259//23 3260//23 3258//23
f 3250//23 3254//23 3259//23 3256//23
f 3265//23 3263//23 3264//23 3266//23
f 3265//25 3266//25 3269//25 3268//25
f 3264//27 3267//27 3269//27 3266//27
f 3270//23 3271//23 3273//23 3272//23
f 3270//25 3271//25 3275//25 3274//25
f 3275//27 3277//27 3273//27 3271//27
f 3281//23 3279//23 3280//23 3282//23
f 3283//23 3284//23 3286//23 3285//23
f 3286//25 3289//25 3288//25 3285//25
f 3287//27 3289//27 3286//27 3284//27
f 3293//23 3291//23 3292//23 3294//23
f 3293//25 3294//25 3297//25 3296//25
f 3292//27 3295//27 3297//27 3294//27
f 3302//27 3305//27 3306//27 3303//27
f 3274//25 3275//25 3292//25 3291//25
f 3274//27 3291//27 3293//27 3276//27
f 3281//25 3282//25 3300//25 3299//25
f 3280//27 3298//27 3300//27 3282//27
f 3279//23 3268//23 3269//23 3280//23
f 3272//23 3273//23 3284//23 3283//23
f 3277//27 3287//27 3284//27 3273//27
f 3293//27 3296//27 3305//27 3302//27
f 3269//23 3267//23 3274//23 3276//23
f 3264//25 3270//25 3274//25 3267//25
f 3300//23 3298//23 3302//23 3303//23
f 3300//25 3303//25 3306//25 3301//25
f 3298//23 3290//23 3293//23 3302//23
f 3269//25 3276//25 3293//25 3290//25
f 3269//27 3290//27 3298//27 3280//27
f 3313//23 3314//23 3316//23 3315//23
f 3318//27 3319//27 3316//27 3314//27
f 3321//25 3324//25 3323//25 3320//25
f 3323//27 3325//27 3322//27 3320//27
f 3309//25 3314//25 3313//25 3308//25
f 3313//27 3315//27 3310//27 3308//27
f 3320//27 3322//27 3312//27 3311//27
f 3315//23 3316//23 3321//23 3320//23
f 3319//27 3324//27 3321//27 3316//27
f 3315//27 3320//27 3311//27 3310//27
f 3247//25 3248//25 3264//25 3263//25
f 3253//25 3271//25 3270//25 3252//25
f 3270//27 3272//27 3254//27 3252//27
f 3283//27 3285//27 3260//27 3259//27
f 3248//25 3252//25 3270//25 3264//25
f 3260//25 3285//25 3278//25 3258//25
f 3272//27 3283//27 3259//27 3254//27
f 3262//25 3327//25 3326//25 3261//25
f 3257//23 3258//23 3262//23 3261//23
f 3328//23 3299//23 3300//23 3329//23
f 3300//27 3301//27 3330//27 3329//27
f 3325//27 3334//27 3333//27 3322//27
f 3275//23 3308//23 3310//23 3277//23
f 3307//25 3308//25 3275//25 3271//25
f 3287//23 3311//23 3312//23 3289//23
f 3292//25 3313//25 3317//25 3295//25
f 3277//23 3310//23 3311//23 3287//23
f 3312//25 3322//25 3304//25 3289//25
f 3333//25 3334//25 3332//25 3331//25
f 3304//23 3322//23 3333//23 3331//23
f 3278//27 3327//27 3262//27 3258//27
f 3247//23 3176//23 3177//23 3248//23
f 3180//23 3181//23 3253//23 3252//23
f 3251//25 3244//25 3278//25 3282//25
f 3248//23 3177//23 3180//23 3252//23
f 3270//23 3210//23 3211//23 3271//23
f 3211//27 3213//27 3275//27 3271//27
f 3213//27 3215//27 3292//27 3275//27
f 3226//23 3227//23 3309//23 3308//23
f 3226//27 3308//27 3307//27 3223//27
f 3238//27 3242//27 3317//27 3313//27
f 3243//27 3318//27 3314//27 3239//27
f 3239//27 3314//27 3309//27 3227//27
f 3211//23 3223//23 3307//23 3271//23
f 3292//23 3215//23 3238//23 3313//23
f 3180//27 3210//27 3270//27 3252//27
f 3211//27 3271//27 3253//27 3181//27
f 3335//24 3337//24 3341//24 3339//24
f 3340//24 3336//24 3338//24 3342//24
f 3345//26 3346//26 3344//26 3343//26
f 3344//24 3346//24 3348//24 3347//24
f 3339//24 3341//24 3345//24 3343//24
f 3344//24 3340//24 3342//24 3346//24
f 3351//26 3353//26 3354//26 3352//26
f 3351//24 3349//24 3350//24 3353//24
f 3355//24 3357//24 3361//24 3359//24
f 3360//24 3356//24 3358//24 3362//24
f 3363//24 3365//24 3369//24 3367//24
f 3368//24 3364//24 3366//24 3370//24
f 3373//26 3374//26 3372//26 3371//26
f 3372//24 3374//24 3376//24 3375//24
f 3379//26 3380//26 3378//26 3377//26
f 3378//24 3380//24 3382//24 3381//24
f 3359//24 3361//24 3373//24 3371//24
f 3372//24 3360//24 3362//24 3374//24
f 3367//24 3369//24 3379//24 3377//24
f 3357//24 3363//24 3367//24 3361//24
f 3362//24 3358//24 3364//24 3368//24
f 3377//26 3378//26 3374//26 3373//26
f 3374//24 3378//24 3381//24 3376//24
f 3361//24 3367//24 3377//24 3373//24
f 3374//24 3362//24 3368//24 3378//24
f 3387//26 3389//26 3390//26 3388//26
f 3387//24 3385//24 3386//24 3389//24
f 3393//26 3395//26 3396//26 3394//26
f 3393//24 3391//24 3392//24 3395//24
f 3391//24 3383//24 3384//24 3392//24
f 3389//26 3393//26 3394//26 3390//26
f 3389//24 3386//24 3391//24 3393//24
f 3399//26 3400//26 3398//26 3397//26
f 3401//26 3403//26 3404//26 3402//26
f 3398//26 3400//26 3403//26 3401//26
f 3407//26 3408//26 3406//26 3405//26
f 3409//26 3411//26 3412//26 3410//26
f 3415//26 3416//26 3414//26 3413//26
f 3417//26 3419//26 3420//26 3418//26
f 3413//26 3414//26 3408//26 3407//26
f 3411//26 3417//26 3418//26 3412//26
f 3406//26 3408//26 3411//26 3409//26
f 3414//26 3416//26 3419//26 3417//26
f 3408//26 3414//26 3417//26 3411//26
f 3351//24 3353//24 3399//24 3397//24
f 3398//24 3352//24 3354//24 3400//24
f 3387//24 3389//24 3407//24 3405//24
f 3406//24 3388//24 3390//24 3408//24
f 3393//24 3395//24 3415//24 3413//24
f 3414//24 3394//24 3396//24 3416//24
f 3389//24 3393//24 3413//24 3407//24
f 3408//24 3390//24 3394//24 3414//24
f 3337//24 3355//24 3359//24 3341//24
f 3342//24 3338//24 3356//24 3360//24
f 3371//26 3372//26 3346//26 3345//26
f 3346//24 3372//24 3375//24 3348//24
f 3341//24 3359//24 3371//24 3345//24
f 3346//24 3342//24 3360//24 3372//24
f 3353//26 3387//26 3388//26 3354//26
f 3353//24 3350//24 3385//24 3387//24
f 3405//26 3406//26 3400//26 3399//26
f 3403//26 3409//26 3410//26 3404//26
f 3400//26 3406//26 3409//26 3403//26
f 3344//26 3346//26 3350//26 3349//26
f 3348//26 3353//26 3351//26 3347//26
f 3368//26 3370//26 3384//26 3383//26
f 3372//26 3374//26 3386//26 3385//26
f 3376//26 3389//26 3387//26 3375//26
f 3382//26 3395//26 3393//26 3381//26
f 3374//26 3378//26 3391//26 3386//26
f 3381//26 3393//26 3389//26 3376//26
f 3368//25 3383//25 3391//25 3378//25
f 3346//26 3372//26 3385//26 3350//26
f 3375//26 3387//26 3353//26 3348//26
f 3353//24 3387//24 3405//24 3399//24
f 3400//24 3354//24 3388//24 3406//24
f 3426//26 3427//26 3425//26 3424//26
f 3421//24 3423//24 3426//24 3424//24
f 3429//25 3432//25 3431//25 3428//25
f 3429//24 3430//24 3433//24 3432//24
f 3425//25 3435//25 3434//25 3424//25
f 3425//24 3427//24 3436//24 3435//24
f 3432//24 3433//24 3439//24 3438//24
f 3431//26 3432//26 3427//26 3426//26
f 3423//24 3428//24 3431//24 3426//24
f 3427//24 3432//24 3438//24 3436//24
f 3443//26 3445//26 3446//26 3444//26
f 3441//25 3442//25 3446//25 3445//25
f 3443//24 3440//24 3441//24 3445//24
f 3450//24 3448//24 3449//24 3452//24
f 3463//26 3464//26 3462//26 3461//26
f 3457//25 3458//25 3462//25 3461//25
f 3457//24 3459//24 3463//24 3461//24
f 3468//26 3470//26 3471//26 3469//26
f 3466//25 3467//25 3471//25 3470//25
f 3468//24 3465//24 3466//24 3470//24
f 3477//26 3478//26 3476//26 3475//26
f 3474//25 3478//25 3477//25 3473//25
f 3472//24 3473//24 3477//24 3475//24
f 3479//26 3481//26 3482//26 3480//26
f 3443//25 3444//25 3458//25 3457//25
f 3458//24 3444//24 3446//24 3460//24
f 3455//25 3456//25 3482//25 3481//25
f 3479//24 3454//24 3455//24 3481//24
f 3446//24 3442//24 3448//24 3450//24
f 3475//26 3476//26 3464//26 3463//26
f 3459//24 3472//24 3475//24 3463//24
f 3466//26 3479//26 3480//26 3467//26
f 3450//26 3452//26 3455//26 3454//26
f 3449//25 3453//25 3455//25 3452//25
f 3458//26 3460//26 3466//26 3465//26
f 3458//25 3465//25 3468//25 3462//25
f 3446//26 3450//26 3454//26 3447//26
f 3446//25 3447//25 3466//25 3460//25
f 3466//24 3447//24 3454//24 3479//24
f 3504//26 3505//26 3503//26 3502//26
f 3502//26 3503//26 3499//26 3498//26
f 3495//26 3498//26 3496//26 3494//26
f 3501//26 3504//26 3502//26 3500//26
f 3500//26 3502//26 3498//26 3495//26
f 3462//25 3494//25 3493//25 3461//25
f 3462//24 3464//24 3495//24 3494//24
f 3468//25 3469//25 3497//25 3496//25
f 3476//24 3478//24 3501//24 3500//24
f 3462//25 3468//25 3496//25 3494//25
f 3483//25 3504//25 3501//25 3478//25
f 3464//24 3476//24 3500//24 3495//24
f 3492//25 3507//25 3506//25 3491//25
f 3430//24 3484//24 3485//24 3433//24
f 3455//26 3489//26 3490//26 3456//26
f 3455//24 3453//24 3488//24 3489//24
f 3506//26 3507//26 3505//26 3504//26
f 3422//25 3440//25 3443//25 3425//25
f 3436//26 3459//26 3457//26 3435//26
f 3457//25 3461//25 3437//25 3435//25
f 3439//26 3473//26 3472//26 3438//26
f 3438//26 3472//26 3459//26 3436//26
f 3451//25 3473//25 3439//25 3433//25
f 3486//25 3487//25 3485//25 3484//25
f 3485//26 3487//26 3451//26 3433//26
f 3483//24 3491//24 3506//24 3504//24
f 3365//24 3421//24 3424//24 3369//24
f 3370//24 3366//24 3422//24 3425//24
f 3434//26 3435//26 3380//26 3379//26
f 3380//24 3435//24 3437//24 3382//24
f 3369//24 3424//24 3434//24 3379//24
f 3395//26 3461//26 3462//26 3396//26
f 3395//24 3392//24 3457//24 3461//24
f 3392//24 3384//24 3443//24 3457//24
f 3493//26 3494//26 3416//26 3415//26
f 3419//26 3496//26 3497//26 3420//26
f 3416//26 3494//26 3496//26 3419//26
f 3370//26 3425//26 3443//26 3384//26
f 3437//26 3461//26 3395//26 3382//26
f 3395//24 3461//24 3493//24 3415//24
f 3416//24 3396//24 3462//24 3494//24
f 3510//26 3512//26 3513//26 3511//26
f 3508//27 3511//27 3513//27 3509//27
f 3514//27 3518//27 3520//27 3516//27
f 3519//27 3521//27 3517//27 3515//27
f 3524//26 3525//26 3523//26 3522//26
f 3526//27 3527//27 3524//27 3522//27
f 3518//27 3522//27 3524//27 3520//27
f 3523//27 3525//27 3521//27 3519//27
f 3532//26 3534//26 3535//26 3533//26
f 3530//27 3533//27 3535//27 3531//27
f 3538//26 3540//26 3541//26 3539//26
f 3536//27 3539//27 3541//27 3537//27
f 3528//27 3536//27 3537//27 3529//27
f 3534//26 3538//26 3539//26 3535//26
f 3531//27 3535//27 3539//27 3536//27
f 3542//27 3546//27 3548//27 3544//27
f 3547//27 3549//27 3545//27 3543//27
f 3550//27 3554//27 3556//27 3552//27
f 3555//27 3557//27 3553//27 3551//27
f 3560//26 3561//26 3559//26 3558//26
f 3562//27 3563//27 3560//27 3558//27
f 3566//26 3567//26 3565//26 3564//26
f 3568//27 3569//27 3566//27 3564//27
f 3546//27 3558//27 3560//27 3548//27
f 3559//27 3561//27 3549//27 3547//27
f 3565//27 3567//27 3557//27 3555//27
f 3544//27 3548//27 3554//27 3550//27
f 3549//27 3555//27 3551//27 3545//27
f 3564//26 3565//26 3561//26 3560//26
f 3563//27 3568//27 3564//27 3560//27
f 3548//27 3560//27 3564//27 3554//27
f 3561//27 3565//27 3555//27 3549//27
f 3570//26 3572//26 3573//26 3571//26
f 3576//26 3577//26 3575//26 3574//26
f 3571//26 3573//26 3576//26 3574//26
f 3578//26 3580//26 3581//26 3579//26
f 3584//26 3585//26 3583//26 3582//26
f 3586//26 3588//26 3589//26 3587//26
f 3592//26 3593//26 3591//26 3590//26
f 3580//26 3586//26 3587//26 3581//26
f 3590//26 3591//26 3585//26 3584//26
f 3579//26 3581//26 3584//26 3582//26
f 3587//26 3589//26 3592//26 3590//26
f 3581//26 3587//26 3590//26 3584//26
f 3510//27 3574//27 3576//27 3512//27
f 3575//27 3577//27 3513//27 3511//27
f 3532//27 3582//27 3584//27 3534//27
f 3583//27 3585//27 3535//27 3533//27
f 3538//27 3590//27 3592//27 3540//27
f 3591//27 3593//27 3541//27 3539//27
f 3534//27 3584//27 3590//27 3538//27
f 3585//27 3591//27 3539//27 3535//27
f 3512//26 3532//26 3533//26 3513//26
f 3509//27 3513//27 3533//27 3530//27
f 3572//26 3578//26 3579//26 3573//26
f 3582//26 3583//26 3577//26 3576//26
f 3573//26 3579//26 3582//26 3576//26
f 3516//27 3520//27 3546//27 3542//27
f 3521//27 3547//27 3543//27 3517//27
f 3558//26 3559//26 3525//26 3524//26
f 3527//27 3562//27 3558//27 3524//27
f 3520//27 3524//27 3558//27 3546//27
f 3525//27 3559//27 3547//27 3521//27
f 3508//26 3509//26 3524//26 3522//26
f 3513//26 3527//26 3526//26 3511//26
f 3528//26 3529//26 3556//26 3554//26
f 3530//26 3531//26 3560//26 3558//26
f 3535//26 3563//26 3562//26 3533//26
f 3541//26 3569//26 3568//26 3539//26
f 3531//26 3536//26 3564//26 3560//26
f 3539//26 3568//26 3563//26 3535//26
f 3528//25 3554//25 3564//25 3536//25
f 3509//26 3530//26 3558//26 3524//26
f 3533//26 3562//26 3527//26 3513//26
f 3512//27 3576//27 3582//27 3532//27
f 3577//27 3583//27 3533//27 3513//27
f 3598//26 3600//26 3601//26 3599//26
f 3596//25 3597//25 3601//25 3600//25
f 3595//27 3599//27 3601//27 3597//27
f 3606//27 3608//27 3609//27 3607//27
f 3614//26 3616//26 3617//26 3615//26
f 3612//25 3613//25 3617//25 3616//25
f 3611//27 3615//27 3617//27 3613//27
f 3624//26 3625//26 3623//26 3622//26
f 3618//25 3619//25 3623//25 3622//25
f 3623//27 3625//27 3621//27 3619//27
f 3626//26 3628//26 3629//26 3627//26
f 3636//26 3637//26 3635//26 3634//26
f 3633//25 3637//25 3636//25 3632//25
f 3635//27 3637//27 3633//27 3631//27
f 3598//25 3599//25 3619//25 3618//25
f 3598//27 3618//27 3620//27 3600//27
f 3604//25 3605//25 3629//25 3628//25
f 3603//27 3627//27 3629//27 3605//27
f 3612//26 3626//26 3627//26 3613//26
f 3596//27 3600//27 3608//27 3606//27
f 3634//26 3635//26 3625//26 3624//26
f 3625//27 3635//27 3631//27 3621//27
f 3603//26 3605//26 3609//26 3608//26
f 3602//25 3607//25 3609//25 3605//25
f 3611//26 3613//26 3620//26 3618//26
f 3611//25 3618//25 3622//25 3615//25
f 3594//26 3603//26 3608//26 3600//26
f 3594//25 3600//25 3620//25 3613//25
f 3594//27 3613//27 3627//27 3603//27
f 3643//26 3644//26 3642//26 3641//26
f 3642//27 3644//27 3640//27 3639//27
f 3646//25 3649//25 3648//25 3645//25
f 3648//27 3650//27 3647//27 3645//27
f 3642//25 3652//25 3651//25 3641//25
f 3651//27 3653//27 3643//27 3641//27
f 3655//27 3656//27 3650//27 3648//27
f 3648//26 3649//26 3644//26 3643//26
f 3644//27 3649//27 3646//27 3640//27
f 3653//27 3655//27 3648//27 3643//27
f 3675//26 3676//26 3674//26 3673//26
f 3673//26 3674//26 3669//26 3668//26
f 3669//26 3672//26 3670//26 3667//26
f 3676//26 3678//26 3677//26 3674//26
f 3674//26 3677//26 3672//26 3669//26
f 3614//25 3615//25 3667//25 3666//25
f 3623//25 3671//25 3670//25 3622//25
f 3670//27 3672//27 3624//27 3622//27
f 3677//27 3678//27 3636//27 3634//27
f 3615//25 3622//25 3670//25 3667//25
f 3636//25 3678//25 3676//25 3630//25
f 3672//27 3677//27 3634//27 3624//27
f 3663//25 3680//25 3679//25 3662//25
f 3604//26 3658//26 3659//26 3605//26
f 3602//27 3605//27 3659//27 3657//27
f 3679//26 3680//26 3676//26 3675//26
f 3650//27 3665//27 3664//27 3647//27
f 3595//25 3638//25 3641//25 3599//25
f 3621//26 3653//26 3651//26 3619//26
f 3651//25 3654//25 3623//25 3619//25
f 3633//26 3656//26 3655//26 3631//26
f 3631//26 3655//26 3653//26 3621//26
f 3650//25 3656//25 3633//25 3610//25
f 3664//25 3665//25 3661//25 3660//25
f 3661//26 3665//26 3650//26 3610//26
f 3676//27 3680//27 3663//27 3630//27
f 3540//26 3622//26 3623//26 3541//26
f 3537//27 3541//27 3623//27 3619//27
f 3529//27 3537//27 3619//27 3599//27
f 3588//26 3666//26 3667//26 3589//26
f 3670//26 3671//26 3593//26 3592//26
f 3589//26 3667//26 3670//26 3592//26
f 3552//27 3556//27 3641//27 3638//27
f 3557//27 3642//27 3639//27 3553//27
f 3651//26 3652//26 3567//26 3566//26
f 3569//27 3654//27 3651//27 3566//27
f 3567//27 3652//27 3642//27 3557//27
f 3529//26 3599//26 3641//26 3556//26
f 3623//26 3654//26 3569//26 3541//26
f 3540//27 3592//27 3670//27 3622//27
f 3593//27 3671//27 3623//27 3541//27
f 3019//24 3021//24 3337//24 3335//24
f 3336//24 3020//24 3022//24 3338//24
f 3045//24 3047//24 3357//24 3355//24
f 3356//24 3046//24 3048//24 3358//24
f 3053//24 3055//24 3365//24 3363//24
f 3364//24 3054//24 3056//24 3366//24
f 3047//24 3053//24 3363//24 3357//24
f 3358//24 3048//24 3054//24 3364//24
f 3021//24 3045//24 3355//24 3337//24
f 3338//24 3022//24 3046//24 3356//24
f 3096//24 3098//24 3423//24 3421//24
f 3103//25 3429//25 3428//25 3102//25
f 3103//24 3104//24 3430//24 3429//24
f 3098//24 3102//24 3428//24 3423//24
f 3137//25 3138//25 3442//25 3441//25
f 3440//24 3136//24 3137//24 3441//24
f 3448//24 3143//24 3144//24 3449//24
f 3144//25 3148//25 3453//25 3449//25
f 3442//24 3138//24 3143//24 3448//24
f 3097//25 3136//25 3440//25 3422//25
f 3154//25 3486//25 3484//25 3150//25
f 3104//24 3150//24 3484//24 3430//24
f 3453//24 3148//24 3157//24 3488//24
f 3055//24 3096//24 3421//24 3365//24
f 3366//24 3056//24 3097//24 3422//24
f 3198//27 3514//27 3516//27 3200//27
f 3515//27 3517//27 3201//27 3199//27
f 3232//27 3542//27 3544//27 3234//27
f 3543//27 3545//27 3235//27 3233//27
f 3240//27 3550//27 3552//27 3242//27
f 3551//27 3553//27 3243//27 3241//27
f 3234//27 3544//27 3550//27 3240//27
f 3545//27 3551//27 3241//27 3235//27
f 3200//27 3516//27 3542//27 3232//27
f 3517//27 3543//27 3233//27 3201//27
f 3296//25 3297//25 3597//25 3596//25
f 3295//27 3595//27 3597//27 3297//27
f 3305//27 3606//27 3607//27 3306//27
f 3301//25 3306//25 3607//25 3602//25
f 3296//27 3596//27 3606//27 3305//27
f 3639//27 3640//27 3319//27 3318//27
f 3324//25 3646//25 3645//25 3323//25
f 3645//27 3647//27 3325//27 3323//27
f 3640//27 3646//27 3324//27 3319//27
f 3295//25 3317//25 3638//25 3595//25
f 3334//25 3664//25 3660//25 3332//25
f 3301//27 3602//27 3657//27 3330//27
f 3647//27 3664//27 3334//27 3325//27
f 3242//27 3552//27 3638//27 3317//27
f 3553//27 3639//27 3318//27 3243//27
f 2992//23 2990//23 3158//23 3160//23
f 3000//23 2998//23 3166//23 3168//23
f 3008//23 3006//23 3174//23 3176//23
f 3006//23 3000//23 3168//23 3174//23
f 2998//23 2992//23 3160//23 3166//23
f 3282//25 3278//25 3285//25 3288//25
f 3081//23 3255//23 3257//23 3083//23
f 3077//23 3249//23 3255//23 3081//23
f 3116//23 3114//23 3263//23 3265//23
f 3116//25 3265//25 3268//25 3119//25
f 3131//23 3129//23 3279//23 3281//23
f 3129//23 3119//23 3268//23 3279//23
f 3131//25 3281//25 3299//25 3147//25
f 3083//23 3257//23 3261//23 3085//23
f 3156//23 3147//23 3299//23 3328//23
f 3075//25 3247//25 3263//25 3114//25
f 3261//25 3326//25 3152//25 3085//25
f 3075//23 3008//23 3176//23 3247//23
f 3402//26 3404//26 3572//26 3570//26
f 3410//26 3412//26 3580//26 3578//26
f 3418//26 3420//26 3588//26 3586//26
f 3412//26 3418//26 3586//26 3580//26
f 3404//26 3410//26 3578//26 3572//26
f 3469//26 3471//26 3616//26 3614//26
f 3467//25 3612//25 3616//25 3471//25
f 3480//26 3482//26 3628//26 3626//26
f 3467//26 3480//26 3626//26 3612//26
f 3456//25 3604//25 3628//25 3482//25
f 3505//26 3675//26 3673//26 3503//26
f 3503//26 3673//26 3668//26 3499//26
f 3456//26 3490//26 3658//26 3604//26
f 3507//26 3679//26 3675//26 3505//26
f 3469//25 3614//25 3666//25 3497//25
f 3662//25 3679//25 3507//25 3492//25
f 3420//26 3497//26 3666//26 3588//26
f 3692//25 3683//25 3489//25 3686//25
f 3687//25 3659//25 3684//25 3690//25
f 3690//25 3684//25 3683//25 3692//25
f 3681//25 3689//25 3691//25 3682//25
f 3689//25 3690//25 3692//25 3691//25
f 3329//25 3688//25 3689//25 3681//25
f 3688//25 3687//25 3690//25 3689//25
f 3682//25 3691//25 3685//25 3155//25
f 3691//25 3692//25 3686//25 3685//25
f 3666//26 3668//26 3669//26 3667//26
f 3497//26 3499//26 3668//26 3666//26
f 3497//26 3496//26 3498//26 3499//26
f 3695//25 3694//25 3629//25 3630//25
f 3483//25 3481//25 3693//25 3696//25
f 3696//25 3693//25 3694//25 3695//25
f 3303//25 3300//25 3282//25 3288//25
f 3697//27 3276//27 3293//27 3698//27
f 3288//27 3697//27 3698//27 3303//27
f 3609//25 3632//25 3629//25 3605//25
f 3699//27 3600//27 3620//27 3700//27
f 3609//27 3699//27 3700//27 3632//27
f 3620//26 3613//26 3627//26 3700//26
f 3700//26 3627//26 3629//26 3632//26
f 3702//27 3630//27 3629//27 3701//27
f 3617//27 3702//27 3701//27 3613//27
f 3629//25 3632//25 3636//25 3630//25
f 3705//25 3610//25 3609//25 3704//25
f 3304//25 3706//25 3703//25 3303//25
f 3706//25 3705//25 3704//25 3703//25
f 3610//25 3633//25 3632//25 3609//25
f 3705//25 3647//25 3650//25 3610//25
f 3325//25 3647//25 3705//25 3706//25
f 3304//25 3322//25 3325//25 3706//25
f 3610//24 3705//24 3660//24 3661//24
f 3706//24 3332//24 3660//24 3705//24
f 3304//24 3331//24 3332//24 3706//24
f 3491//23 3483//23 3696//23 3492//23
f 3492//23 3696//23 3695//23 3662//23
f 3695//23 3630//23 3663//23 3662//23
f 3709//25 3452//25 3451//25 3708//25
f 3142//25 3710//25 3707//25 3141//25
f 3710//25 3709//25 3708//25 3707//25
f 3486//27 3154//27 3707//27 3708//27
f 3486//27 3708//27 3451//27 3487//27
f 3153//27 3141//27 3707//27 3154//27
f 3127//25 3130//25 3126//25 3123//25
f 3130//25 3146//25 3142//25 3126//25
f 3125//25 3126//25 3142//25 3141//25
f 3288//25 3289//25 3304//25 3303//25
f 3474//25 3452//25 3455//25 3481//25
f 3474//25 3481//25 3483//25 3478//25
f 3451//25 3452//25 3474//25 3473//25
